Id,Customer__c,Amount__c,DueDate__c,PaidDate__c
e4e68179-bf88-4e5e-88b9-f5a9a878425b,001NS00001c9KifYAE,116.37,20/02/2025,12/02/2025
334dce33-5387-4997-8ee3-8a356b0ad5b1,001NS00001c9KigYAE,117.48,20/02/2025,8/03/2025
ae88fd15-a46d-45a2-9da1-5f439d295163,001NS00001c9KihYAE,118.24,20/02/2025,17/02/2025
28ea6a43-e5db-4556-b52d-7aa987a15d66,001NS00001uEHLBYA4,704.37,20/02/2025,13/02/2025
64c057d8-93b8-45e7-99f5-4e3b50205913,001NS00001uEHLCYA4,706.78,20/02/2025,9/03/2025
987aa3d8-7508-47a5-adfe-c48f4efe57b1,001NS00001uEHLDYA4,705.68,20/02/2025,8/03/2025
58abfa3a-edad-4abc-8630-7b67be476237,001NS00001uEHLEYA4,696.26,20/02/2025,16/02/2025
b9ec38c6-306c-48d3-954c-e6caf4da4f44,001NS00001uEHLFYA4,1015.25,20/02/2025,11/02/2025
6c17c2fc-4f16-4644-9ecb-0745d1e953eb,001NS00001uEHLGYA4,1017.76,20/02/2025,10/02/2025
e2a40321-cd59-4eff-a847-0bca49005ad4,001NS00001uEHLHYA4,129.85,20/02/2025,14/02/2025
8efd0f2c-12ee-4637-bef1-957b94bffc37,001NS00001uEHLIYA4,131.02,20/02/2025,8/03/2025
eab10901-213a-499d-9ec9-fd6d13d7452d,001NS00001uEHLJYA4,132.18,20/02/2025,10/03/2025
b8d8a684-5348-42a4-8350-5f1784bf7df2,001NS00001uEHLKYA4,132.01,20/02/2025,15/02/2025
23b92408-a023-45b2-b7d3-a0dd6275ca7e,001NS00001uEHLLYA4,129.88,20/02/2025,10/02/2025
5badcd27-8699-4bea-9f69-52ae60ebc985,001NS00001uEHLMYA4,131.78,20/02/2025,18/02/2025
63fa443b-8844-4ab6-aa29-7ff7969cf054,001NS00001uEHLNYA4,1014.96,20/02/2025,11/02/2025
d195e430-2860-422f-9ba7-53a51e9df0f0,001NS00001uEHLOYA4,1040.57,20/02/2025,15/03/2025
4e9efc68-9ef5-4ee7-84d1-82988e251c0f,001NS00001uEHLPYA4,132.61,20/02/2025,11/02/2025
e492c41e-0307-4c1d-a9d2-5477ce126f10,001NS00001uEHLQYA4,131.18,20/02/2025,11/03/2025
c16ff87c-34ee-4a97-8a44-01fc264a10d5,001NS00001uEHLRYA4,702.86,20/02/2025,15/02/2025
73a41392-d716-420d-b937-606495be3ec5,001NS00001uEHLSYA4,691.93,20/02/2025,18/02/2025
c3c7d352-fcf1-499c-86db-9f9717000b7e,001NS00001uEHLTYA4,702.16,20/02/2025,18/02/2025
22d98074-43c7-45f2-8fb3-4b2d45ad4ad4,001NS00001uEHLUYA4,703.19,20/02/2025,19/02/2025
daf72b2b-4389-4070-8801-e5ad81188309,001NS00001uEHLVYA4,705.32,20/02/2025,16/02/2025
23ee292b-8ca4-41bd-a219-3440c23f0509,001NS00001uEHLWYA4,704.25,20/02/2025,12/02/2025
7810fea0-96ad-47f4-9ec7-0403163ca439,001NS00001uEHLXYA4,133.33,20/02/2025,10/03/2025
850e72d4-5559-480b-be75-3b06eb34d5dd,001NS00001uEHLYYA4,214.95,20/02/2025,10/03/2025
74983827-507a-4f96-aede-93608cc5ad1a,001NS00001uEHLZYA4,138.06,20/02/2025,17/02/2025
fea09ce8-8bb2-4600-9364-7c615e480e4a,001NS00001uEHLaYAO,372.01,20/02/2025,12/02/2025
fdc96c21-ec1d-4584-be37-aeed1833cf66,001NS00001uEHLbYAO,375.34,20/02/2025,15/03/2025
529759ff-d01e-4308-8c8c-a32301bb016f,001NS00001uEHLcYAO,383.37,20/02/2025,14/03/2025
efdb781a-0c01-43e8-9573-1cfd1087f032,001NS00001uEHLdYAO,375.92,20/02/2025,21/03/2025
30dc35d9-45fd-43c0-a32a-8dd39c36cf89,001NS00001uEHLeYAO,379.36,20/02/2025,12/02/2025
49d3be88-94d7-47d2-9459-2f316a2dd11c,001NS00001uEHLfYAO,377.26,20/02/2025,11/03/2025
659ea5ab-4fd1-4093-98b2-7c9a195bd788,001NS00001uEHLgYAO,385.61,20/02/2025,17/03/2025
de3b469b-2646-4ed3-b0a8-f0830dc78e38,001NS00001uEHLhYAO,994.36,20/02/2025,8/03/2025
1f58b8df-c015-4e32-8e74-d96e180eae90,001NS00001uEHLiYAO,1005.26,20/02/2025,15/02/2025
be4d32ad-3a60-447e-ae10-c61ed71e1da9,001NS00001uEHLjYAO,381.36,20/02/2025,22/03/2025
cdf262ef-46f7-453a-b405-bdc6d8f8e67d,001NS00001uEHLkYAO,374.85,20/02/2025,11/03/2025
7fb3b31b-c6ea-4efa-a995-3a1ca644f445,001NS00001uEHLlYAO,377.4,20/02/2025,15/02/2025
335ac138-eb1f-4528-b460-3a349f4e60f1,001NS00001uEHLmYAO,1014.61,20/02/2025,19/02/2025
e3f1aa79-96e9-4083-9aca-1aa42cd46b2d,001NS00001uEHLnYAO,378.35,20/02/2025,18/02/2025
ee14a9a9-d564-4b50-964e-a198f8f1fada,001NS00001uEHLoYAO,381.54,20/02/2025,17/02/2025
72a3a398-4f86-49aa-9500-7a6a87087a64,001NS00001uEHLpYAO,377.93,20/02/2025,15/03/2025
f138dde5-e6df-4b71-a276-a16528007304,001NS00001uEHLqYAO,380.26,20/02/2025,14/02/2025
9f6cbff4-9cd3-4399-b2f5-f0e5654cd48e,001NS00001uEHLrYAO,376.64,20/02/2025,17/02/2025
ee93b082-da52-42da-bc68-97199f0bd0c2,001NS00001uEHLsYAO,379.53,20/02/2025,12/02/2025
a7dfc52b-0e64-453f-b9c9-125b43b372a3,001NS00001uEHLtYAO,374.92,20/02/2025,10/02/2025
1d03d513-e6b5-4197-89cf-162b0568ea22,001NS00001uEHLuYAO,1003.58,20/02/2025,14/02/2025
be6f577c-d008-4b28-bb6b-8bd540027561,001NS00001uEHLvYAO,1020.67,20/02/2025,10/02/2025
c54ab7a6-62ad-4dff-8566-2712870328c7,001NS00001uEHLwYAO,1002.24,20/02/2025,19/03/2025
b06d6db7-b02d-465f-8fc3-da105f4cb29d,001NS00001uEHLxYAO,382.11,20/02/2025,14/02/2025
d4c15aa4-a3c7-48a8-b9e5-a0faab9942c8,001NS00001uEHLyYAO,380.33,20/02/2025,18/02/2025
387549ae-6f93-4aed-aa3e-97921abbb176,001NS00001uEHLzYAO,580.11,20/02/2025,16/02/2025
b3d86f2c-b3ec-4942-a02b-7ffdf41fedeb,001NS00001uEHM0YAO,580.73,20/02/2025,12/03/2025
c3c25567-e024-4a28-a414-5c3aab8f3817,001NS00001uEHM1YAO,580.73,20/02/2025,16/02/2025
0d6e9456-2160-4688-ade6-09eee70d2f86,001NS00001uEHM2YAO,996.32,20/02/2025,18/03/2025
b3ebbc0b-89fb-4457-bb49-37dd94960c6a,001NS00001uEHM3YAO,582.51,20/02/2025,10/02/2025
791f99a9-21dd-4c6b-bb96-2ead76d5ca7d,001NS00001uEHM4YAO,572.66,20/02/2025,8/03/2025
db0fd571-20d9-4faf-8b90-e5dcdd8ce137,001NS00001uEHM5YAO,1014.19,20/02/2025,16/03/2025
d4305b73-d17e-4504-bb89-535a4d1896ba,001NS00001uEHM6YAO,1026.09,20/02/2025,12/02/2025
52be1f3f-0466-404c-b9ad-e2b8d8f0b245,001NS00001uEHM7YAO,576.59,20/02/2025,14/02/2025
ab0d9cca-c043-4556-845f-aca52eb755b6,001NS00001uEHM8YAO,1002.73,20/02/2025,18/02/2025
900f1524-4f76-424d-bc75-87abba427b6a,001NS00001uEHM9YAO,416.85,20/02/2025,17/03/2025
1da77b62-d792-4831-9bc4-4abdc5f0e841,001NS00001uEHMAYA4,585.42,20/02/2025,16/02/2025
57700fd4-67a7-4bdd-b608-8efdff98145b,001NS00001uEHMBYA4,572.23,20/02/2025,10/02/2025
708bce12-0858-41a0-8399-aa21a4d64c4f,001NS00001uEHMCYA4,1030.28,20/02/2025,10/02/2025
a6e105b7-ecce-4a12-86b5-cba3667ac7ce,001NS00001uEHMDYA4,585.94,20/02/2025,14/03/2025
d0a19eb7-6c44-44aa-8175-4df61e2eca4c,001NS00001uEHMEYA4,575.67,20/02/2025,16/02/2025
e2426026-3709-49a4-8b98-1982166bb1e4,001NS00001uEHMFYA4,583.01,20/02/2025,19/02/2025
6d92ff16-b8a4-43aa-9872-cae8f77e3296,001NS00001uEHMGYA4,582.45,20/02/2025,18/02/2025
6944dff2-95cb-497e-8713-29b8f93ee5ff,001NS00001uEHMHYA4,574.28,20/02/2025,12/03/2025
a3211c01-432c-4d67-a392-a2fa32bc9bfe,001NS00001uEHMIYA4,583.57,20/02/2025,17/02/2025
6833f521-bf0b-40e9-a678-741553e4c544,001NS00001uEHMJYA4,579.58,20/02/2025,18/03/2025
16e6778f-2411-4a1d-88fd-1bedc3f6fd46,001NS00001uEHMKYA4,580.47,20/02/2025,11/02/2025
d8434536-ce93-455c-8f8e-2e5c8e50f559,001NS00001uEHMLYA4,1045.12,20/02/2025,19/02/2025
a640383f-90c2-4de8-8108-dcc145981519,001NS00001uEHMMYA4,581.03,20/02/2025,12/03/2025
895c7b48-97c5-4cf6-b377-69319f491c78,001NS00001uEHMNYA4,986.69,20/02/2025,14/03/2025
dd4b4814-509b-440c-8b4e-e369e08ca588,001NS00001uEHMOYA4,581.22,20/02/2025,14/02/2025
2854d689-eb67-43df-afab-ab3d609a157a,001NS00001uEHMPYA4,587.69,20/02/2025,18/02/2025
0b18a0ce-c114-4d11-89dd-778013f6fcb9,001NS00001uEHMQYA4,288.89,20/02/2025,21/03/2025
8642c2ae-85c1-4b22-ac63-7b0f5fbf199f,001NS00001uEHMRYA4,285.96,20/02/2025,19/03/2025
ee9d81f9-f1af-4222-a7b0-2ccff5eb0641,001NS00001uEHMSYA4,285.72,20/02/2025,22/03/2025
dbe0234b-e80d-4fa3-9adc-74af3facd8cc,001NS00001uEHMTYA4,988.47,20/02/2025,19/02/2025
7636904f-eee8-4fd7-9a4f-8d6bd1111f75,001NS00001uEHMUYA4,287.56,20/02/2025,13/03/2025
003afb24-b067-4cc4-99b8-34da8bf7a438,001NS00001uEHMVYA4,284.52,20/02/2025,10/03/2025
417f3bdc-f87f-431f-bdce-9bdd4e880962,001NS00001uEHMWYA4,285.44,20/02/2025,14/02/2025
9bfc1804-d442-4a0a-b1ca-8525ad755d53,001NS00001uEHMXYA4,285.35,20/02/2025,13/03/2025
57c53a1c-385d-475b-bf71-ec0eae47c1a5,001NS00001uEHMYYA4,284.08,20/02/2025,15/03/2025
70dcf2f6-f600-42fc-99c7-184d52e4ad13,001NS00001uEHMZYA4,1021.68,20/02/2025,14/02/2025
8794b853-eb2c-48ad-a03f-1766cace1a7e,001NS00001uEHMaYAO,280.5,20/02/2025,19/02/2025
c2dca58a-b2c0-487c-92bb-d30cd03ad4d2,001NS00001uEHMbYAO,286.52,20/02/2025,16/02/2025
d13ebe46-2362-426d-83d5-a6ea9a6b2d57,001NS00001uEHMcYAO,1001.11,20/02/2025,9/03/2025
7f43c764-67ff-48aa-9960-9c026cf912d4,001NS00001uEHMdYAO,287.55,20/02/2025,21/03/2025
a2800352-efd2-4484-a5e6-04d308e1235f,001NS00001uEHMeYAO,281.83,20/02/2025,17/02/2025
477b50db-dc58-4ce5-bbbc-5d5b3a221fbe,001NS00001uEHMfYAO,280.7,20/02/2025,10/03/2025
ccaabf5f-1262-4b99-9fa3-9af10a13660a,001NS00001uEHMgYAO,281.62,20/02/2025,12/02/2025
c26ab9dd-f20f-411f-8e71-1ce6b36661ec,001NS00001uEHMhYAO,281.07,20/02/2025,16/02/2025
9a3ba340-86f8-4657-a8fe-ff6906365e97,001NS00001uEHMiYAO,279.68,20/02/2025,22/03/2025
4b4105d1-2e2d-45c4-b3b8-1a26ef8044f6,001NS00001uEHMjYAO,283.2,20/02/2025,12/02/2025
6bfcc74a-53d3-4538-8316-049689786e5d,001NS00001uEHMkYAO,282.8,20/02/2025,10/02/2025
1cb352d9-c0ff-41e2-b383-65ca6f3b2d40,001NS00001uEHMlYAO,768.72,20/02/2025,10/03/2025
a9bf95e5-4764-4a03-a668-b89e9aec673f,001NS00001uEHMmYAO,117.81,20/02/2025,16/02/2025
6a4cd08c-5c96-415f-8870-c559223dabdc,001NS00001c9KifYAE,105.23,20/03/2025,13/03/2025
5ba30f6a-94d8-40dd-ab0d-3fcd8b47ede3,001NS00001c9KigYAE,106.41,20/03/2025,11/04/2025
0fe31fdd-1685-467a-9c69-ebf42f255087,001NS00001c9KihYAE,105.51,20/03/2025,13/03/2025
ecd38b98-b63d-49cf-b271-fa1074da5797,001NS00001uEHLBYA4,632.59,20/03/2025,11/03/2025
633a0c51-1365-418f-af7c-bace0668617e,001NS00001uEHLCYA4,632.28,20/03/2025,19/04/2025
1d24ca71-6f91-4cb9-8d06-774c3495c96a,001NS00001uEHLDYA4,620.55,20/03/2025,9/04/2025
81e0ac3f-82f0-4d18-b7e5-f52a75efac29,001NS00001uEHLEYA4,638.31,20/03/2025,14/03/2025
dff8aaab-cf07-45f5-9e62-495a0cd044b1,001NS00001uEHLFYA4,872.95,20/03/2025,15/03/2025
5d9a67c7-94bd-4665-8f87-31d241bd5ac2,001NS00001uEHLGYA4,887.19,20/03/2025,19/03/2025
f90cb8c6-bee0-4608-b3a3-cccdd3bb6801,001NS00001uEHLHYA4,119.1,20/03/2025,17/03/2025
40b89639-f263-4a4f-8071-60a1ef3bb60b,001NS00001uEHLIYA4,117.96,20/03/2025,10/04/2025
402b408c-ee73-4047-9f21-fd84ba23056a,001NS00001uEHLJYA4,120.22,20/03/2025,12/04/2025
0ced656a-e293-492d-8fdb-89acc3713164,001NS00001uEHLKYA4,120.01,20/03/2025,10/03/2025
2b4b228d-2677-4a83-adb2-5e060ec6bc98,001NS00001uEHLLYA4,120.55,20/03/2025,16/03/2025
1d827c8b-d235-4e4a-9cf5-4a4ef92da024,001NS00001uEHLMYA4,118.02,20/03/2025,18/03/2025
9dc597d8-a7c7-4f8c-bf1f-a73659459e70,001NS00001uEHLNYA4,876.06,20/03/2025,19/03/2025
d12eba5a-16a4-427b-8c2c-0a62c0b8defd,001NS00001uEHLOYA4,874.74,20/03/2025,19/04/2025
14976169-9c7d-476d-9d5b-a8486487262e,001NS00001uEHLPYA4,119.68,20/03/2025,14/03/2025
893b069f-549a-45f5-9255-479bfe13240e,001NS00001uEHLQYA4,120.87,20/03/2025,9/04/2025
2bed7076-22f0-4fed-acd2-2ca76ec6d791,001NS00001uEHLRYA4,628.7,20/03/2025,13/03/2025
26b137c0-2578-47c3-b9a5-30bb7626a10e,001NS00001uEHLSYA4,630.56,20/03/2025,17/03/2025
64947172-4654-4ab9-8ca8-c72019251a6c,001NS00001uEHLTYA4,633.91,20/03/2025,15/03/2025
1de56cfb-bceb-4c95-bd6b-12341351dfea,001NS00001uEHLUYA4,629.1,20/03/2025,11/03/2025
68588ab1-f33c-4efa-bd6e-a0cb41c4429d,001NS00001uEHLVYA4,629.6,20/03/2025,16/03/2025
df7e407f-88a1-4214-9a95-d87ccf549916,001NS00001uEHLWYA4,640.83,20/03/2025,13/03/2025
ce601a6e-a3e6-4378-b11f-86b8719464f9,001NS00001uEHLXYA4,119.76,20/03/2025,9/04/2025
0862fb1f-1f4b-4f89-a225-df5e3bbfb666,001NS00001uEHLYYA4,192.35,20/03/2025,10/04/2025
fc181575-fcb2-43bb-8970-fa407b9c82fa,001NS00001uEHLZYA4,123.51,20/03/2025,18/03/2025
35994e41-a7d6-46d4-988b-e8e82a73c1f3,001NS00001uEHLaYAO,337.05,20/03/2025,16/03/2025
3bf81f8e-a628-4b58-98cb-64c8e40c363d,001NS00001uEHLbYAO,331.25,20/03/2025,4/04/2025
2e61bfd9-3dd8-45a3-a495-07cc84c3095a,001NS00001uEHLcYAO,334.37,20/03/2025,12/04/2025
9057626a-97d1-4206-b334-4060e70ebbc8,001NS00001uEHLdYAO,342.26,20/03/2025,9/04/2025
0a9d9958-0697-4ef4-8055-6d8d4b806567,001NS00001uEHLeYAO,337.76,20/03/2025,15/03/2025
8890ac88-5751-4cb6-bf7d-27ffca3b9ddb,001NS00001uEHLfYAO,334.84,20/03/2025,10/04/2025
62304302-34c7-41bc-a5e9-8329192d4fb7,001NS00001uEHLgYAO,338.34,20/03/2025,10/04/2025
de80ed40-9296-4fa1-95fe-b069872907ac,001NS00001uEHLhYAO,869.84,20/03/2025,11/04/2025
b3dcaf71-ba1c-43bd-8395-1d71df8a108d,001NS00001uEHLiYAO,891.39,20/03/2025,18/03/2025
af2e94ec-2970-464d-aa50-bfb38c34080f,001NS00001uEHLjYAO,338.54,20/03/2025,8/04/2025
e242263a-c230-4bf3-b025-ad0084bb5be6,001NS00001uEHLkYAO,332.73,20/03/2025,11/04/2025
42c9892d-9af6-407c-93a5-6fa59ab2b694,001NS00001uEHLlYAO,332.41,20/03/2025,14/03/2025
0d37bdfb-d235-472b-ba6d-692d62a63774,001NS00001uEHLmYAO,863.38,20/03/2025,11/03/2025
ef2e8340-95e8-4715-a43e-c0da4c99653e,001NS00001uEHLnYAO,339.23,20/03/2025,11/03/2025
7af36c2b-ffaa-4535-9ffc-46b5f11b8488,001NS00001uEHLoYAO,335.62,20/03/2025,10/03/2025
7e18dda0-8af3-4a85-adbb-ca6055f22134,001NS00001uEHLpYAO,337.59,20/03/2025,6/04/2025
adf09e81-73c4-4638-9560-a5a21aa8eac7,001NS00001uEHLqYAO,337.09,20/03/2025,16/03/2025
4a2a01b0-9f26-46d8-b241-d0cd1c581b48,001NS00001uEHLrYAO,334.36,20/03/2025,10/03/2025
4109b6c8-f60e-43f9-949a-d87ad40befa1,001NS00001uEHLsYAO,335.32,20/03/2025,12/03/2025
f80b3a59-f79c-460d-bed9-306e5a0dcbf6,001NS00001uEHLtYAO,336.32,20/03/2025,17/03/2025
d0407599-d199-4be7-bc69-f0f6906b2757,001NS00001uEHLuYAO,873.24,20/03/2025,15/03/2025
cace9be0-12fd-4f1f-8328-25ed4fa22a82,001NS00001uEHLvYAO,870.01,20/03/2025,15/03/2025
09691027-ec09-4740-9074-a207f36d908e,001NS00001uEHLwYAO,872.17,20/03/2025,14/04/2025
b8dad1a8-4ec4-49b8-a4b3-fc92b5b1dc66,001NS00001uEHLxYAO,332.76,20/03/2025,18/03/2025
30be2424-6a76-45b6-aefd-d493dc6fc84f,001NS00001uEHLyYAO,336.26,20/03/2025,13/03/2025
ed09ece6-59ec-46ea-b25a-3dc2eba86932,001NS00001uEHLzYAO,527.63,20/03/2025,11/03/2025
d63dd588-1884-44af-812b-d8f1dbfb6619,001NS00001uEHM0YAO,525.2,20/03/2025,16/04/2025
ebd0a4f2-d70e-43bf-bd7d-9259b2d5ef67,001NS00001uEHM1YAO,521.36,20/03/2025,18/03/2025
7fcfc00e-118f-4757-a7f1-f7c08214b806,001NS00001uEHM2YAO,886.5,20/03/2025,10/04/2025
89e969f0-3b4a-4227-bcd8-29c92e739bc6,001NS00001uEHM3YAO,524.14,20/03/2025,17/03/2025
6462e3b3-519b-4002-a1a8-cb13b39f5cc0,001NS00001uEHM4YAO,524.26,20/03/2025,9/04/2025
e106a7e1-097d-4126-876b-3355589f6fd6,001NS00001uEHM5YAO,900.99,20/03/2025,5/04/2025
dace3604-0e17-4eab-99bd-0c3f533a2f7b,001NS00001uEHM6YAO,839.95,20/03/2025,19/03/2025
6ef876ca-66b7-416f-b44c-6a840ca5246f,001NS00001uEHM7YAO,517.84,20/03/2025,13/03/2025
730e9477-c8b4-457a-9ce6-08dac73ede3e,001NS00001uEHM8YAO,881.29,20/03/2025,13/03/2025
f8fb442a-008f-4c6d-b6ea-b38ad7e2f847,001NS00001uEHM9YAO,373.3,20/03/2025,4/04/2025
66bfc91d-05f6-4e73-a4e6-207623a0f0fc,001NS00001uEHMAYA4,525.17,20/03/2025,18/03/2025
462db172-a320-4271-aae7-083854baa85c,001NS00001uEHMBYA4,525.17,20/03/2025,11/03/2025
7e2b76eb-e8a6-4355-a9f9-5b908616a470,001NS00001uEHMCYA4,901.2,20/03/2025,10/03/2025
fe705312-cd94-4a5c-b939-8aa960df3cbe,001NS00001uEHMDYA4,527.77,20/03/2025,11/04/2025
4ff0927d-146d-4d36-bf63-3f767c8ffb0a,001NS00001uEHMEYA4,525.22,20/03/2025,12/03/2025
73142424-f957-4acb-900c-39d7d23a6a19,001NS00001uEHMFYA4,524.84,20/03/2025,13/03/2025
72381c5f-6726-439f-9192-6f4bfd79d4c2,001NS00001uEHMGYA4,519.11,20/03/2025,18/03/2025
88c4695b-7030-4629-9cf8-03a5abdf550f,001NS00001uEHMHYA4,521.78,20/03/2025,15/04/2025
bc2aef1f-ecbb-4bf6-a281-1a9fcf6bfa31,001NS00001uEHMIYA4,513.75,20/03/2025,10/03/2025
f79c3f1b-17df-4f9f-9abe-86f102e4a5a0,001NS00001uEHMJYA4,525.78,20/03/2025,10/04/2025
e490571b-c3e1-4470-a614-2290945b94fb,001NS00001uEHMKYA4,521.77,20/03/2025,14/03/2025
299d7d9c-7142-45fc-8fa9-5ffc0397e54f,001NS00001uEHMLYA4,860.92,20/03/2025,15/03/2025
3e168d4e-f733-4775-8d0a-13661150dd31,001NS00001uEHMMYA4,522.87,20/03/2025,17/04/2025
833fe6bd-a331-4bca-bfaf-742f9843aec9,001NS00001uEHMNYA4,892.24,20/03/2025,4/04/2025
9fe879d8-908d-4e1a-8d4a-9522d0024bd0,001NS00001uEHMOYA4,519.54,20/03/2025,19/03/2025
36e03422-0017-49ad-8a1c-ed31737e9e48,001NS00001uEHMPYA4,532.21,20/03/2025,14/03/2025
dcfa5d44-eb17-4624-9d1a-ec048137d72a,001NS00001uEHMQYA4,258.75,20/03/2025,15/04/2025
be9de7bc-d60f-4de9-887e-1463199e5fc5,001NS00001uEHMRYA4,251.6,20/03/2025,18/04/2025
7cf24179-4e18-4b5a-9482-99df136e2736,001NS00001uEHMSYA4,257.75,20/03/2025,19/04/2025
ddc72021-f8f6-449e-963e-db794191bd72,001NS00001uEHMTYA4,892.03,20/03/2025,10/03/2025
62b2e85d-9838-4e59-9c35-a338685fc4a2,001NS00001uEHMUYA4,261.91,20/03/2025,18/04/2025
65a19c9a-6899-45fe-b587-01906c706cbe,001NS00001uEHMVYA4,258.61,20/03/2025,12/04/2025
173099a1-764c-478a-880c-b59f5156a1cc,001NS00001uEHMWYA4,258.22,20/03/2025,18/03/2025
211e9358-4d48-4bee-9cb4-15110a73c633,001NS00001uEHMXYA4,253.78,20/03/2025,16/04/2025
52714ce5-c792-48ab-972d-da2675c63409,001NS00001uEHMYYA4,257.1,20/03/2025,9/04/2025
5bb4edcd-5b3b-4a4c-b05a-6752499868e0,001NS00001uEHMZYA4,846.57,20/03/2025,19/03/2025
20edda7c-fba5-4077-a2fd-8cb34d77dbcf,001NS00001uEHMaYAO,255.67,20/03/2025,17/03/2025
de0a2d1c-3425-4d9c-a046-718fb2b4abc1,001NS00001uEHMbYAO,257.51,20/03/2025,18/03/2025
e3d954af-4896-4783-8af1-ea82d57967b1,001NS00001uEHMcYAO,867.74,20/03/2025,10/04/2025
7cd95b0e-b991-4bbd-af19-2ff1e3664ced,001NS00001uEHMdYAO,256.8,20/03/2025,12/04/2025
9ef80b93-ab18-47b2-9de3-15cd30b3bda5,001NS00001uEHMeYAO,260.68,20/03/2025,19/03/2025
3c4cc3ee-af3b-4247-acf2-c7a6921ce0f1,001NS00001uEHMfYAO,261.03,20/03/2025,4/04/2025
0e0e456b-e62e-43e7-be83-828c0b540504,001NS00001uEHMgYAO,258.08,20/03/2025,14/03/2025
977a6666-aba0-4edb-ad8b-d1a48d9364fd,001NS00001uEHMhYAO,256.53,20/03/2025,17/03/2025
7486d88e-1126-4057-80aa-2805c4dda8e6,001NS00001uEHMiYAO,259.76,20/03/2025,10/04/2025
672a4ef1-ec1d-4f27-99f6-10a4d2595787,001NS00001uEHMjYAO,257.05,20/03/2025,18/03/2025
30e56a0f-3f2d-4481-a79b-88276272d69c,001NS00001uEHMkYAO,259.78,20/03/2025,18/03/2025
90c3a5e7-61a4-4f88-b198-17dfc443d60b,001NS00001uEHMlYAO,688.55,20/03/2025,9/04/2025
ef2f438b-dcb1-4061-aa6d-3acf15961b21,001NS00001uEHMmYAO,106.09,20/03/2025,16/03/2025
3c4e1016-9605-4d19-b5f1-909650fe1676,001NS00001c9KifYAE,116.58,20/04/2025,18/04/2025
128c32bb-6f9f-4399-95a9-4f457d36d5a9,001NS00001c9KigYAE,117.53,20/04/2025,18/05/2025
51e7d8f8-767a-4489-a969-635be2d5fb56,001NS00001c9KihYAE,116.86,20/04/2025,19/04/2025
939ba9c7-1fc7-489f-89c7-685a14088527,001NS00001uEHLBYA4,707.6,20/04/2025,13/04/2025
a2f867b5-d7a8-45d2-b7d1-77399849f83b,001NS00001uEHLCYA4,706.19,20/04/2025,15/05/2025
0c014cd1-aeac-4970-95ea-8874dfcc35c8,001NS00001uEHLDYA4,692.28,20/04/2025,18/05/2025
821a7b92-2c52-4d01-9367-11ccbcf7dee5,001NS00001uEHLEYA4,694.66,20/04/2025,11/04/2025
4ca616fc-f2e5-460c-8646-1c83975f47c3,001NS00001uEHLFYA4,949.82,20/04/2025,18/04/2025
8e0495aa-ea03-4f9e-bd27-b1d45dbde35e,001NS00001uEHLGYA4,931.56,20/04/2025,16/04/2025
8f484ffd-9e08-425f-9708-2ebf20c83042,001NS00001uEHLHYA4,133.36,20/04/2025,11/04/2025
382f6ce3-9ce2-4fd4-90d3-32e2de8ced57,001NS00001uEHLIYA4,133.64,20/04/2025,15/05/2025
162a0881-45d7-43c1-95c1-728b17d140ad,001NS00001uEHLJYA4,131.27,20/04/2025,19/05/2025
74f6baa5-503f-46a2-9272-956895ef52ef,001NS00001uEHLKYA4,132.6,20/04/2025,19/04/2025
a06cfad4-a634-4831-8f8f-7401bda5fabc,001NS00001uEHLLYA4,130.95,20/04/2025,14/04/2025
68b760da-3596-4c27-b0ef-fab4da59a5c3,001NS00001uEHLMYA4,132.18,20/04/2025,13/04/2025
79b9a454-96be-41c9-bcbc-7f525e7b52a9,001NS00001uEHLNYA4,945.62,20/04/2025,16/04/2025
ebeab730-6619-459b-ab7e-ec7400e8b09e,001NS00001uEHLOYA4,950.85,20/04/2025,15/05/2025
6351bbdb-fdc6-46ab-95c0-a7dcbe638c8a,001NS00001uEHLPYA4,130.88,20/04/2025,16/04/2025
08ba3a7a-2313-4d1d-8edc-56092a76a85c,001NS00001uEHLQYA4,131.46,20/04/2025,16/05/2025
387f91a2-4811-4538-b026-98425107f2cb,001NS00001uEHLRYA4,700.25,20/04/2025,11/04/2025
8cab8719-eb83-467d-92d4-4662756757a6,001NS00001uEHLSYA4,695.92,20/04/2025,12/04/2025
01f237e7-1d50-4d33-a576-0c0526a769f2,001NS00001uEHLTYA4,700.87,20/04/2025,15/04/2025
be686cc5-646d-45a8-9cbb-ae3e5d85f94d,001NS00001uEHLUYA4,705.73,20/04/2025,16/04/2025
dfefc288-81ed-442e-918a-6e406f935c50,001NS00001uEHLVYA4,706.23,20/04/2025,17/04/2025
a58b4be0-ad3c-43f8-96eb-126e8122137e,001NS00001uEHLWYA4,706.66,20/04/2025,14/04/2025
882c7ea3-0b72-49cf-992d-a515e122ce77,001NS00001uEHLXYA4,130.88,20/04/2025,15/05/2025
14e53795-4a9d-4802-aea0-5a10ef20b214,001NS00001uEHLYYA4,211.6,20/04/2025,10/05/2025
2b3976e3-1c2c-45f1-91e3-349942be6e6b,001NS00001uEHLZYA4,140.16,20/04/2025,17/04/2025
48dcd532-8ef2-47ef-9617-dab16ce5d926,001NS00001uEHLaYAO,364.96,20/04/2025,15/04/2025
20a63c40-57c4-4163-9694-be4d7a277115,001NS00001uEHLbYAO,370.74,20/04/2025,16/05/2025
24ed49c9-d6e3-447b-b850-cabf55fbde88,001NS00001uEHLcYAO,365.62,20/04/2025,10/05/2025
2494316e-391e-4a66-805a-4af0766d7450,001NS00001uEHLdYAO,366.91,20/04/2025,10/05/2025
83e2640a-0fb5-4703-9cfa-cb91502892f1,001NS00001uEHLeYAO,367.07,20/04/2025,13/04/2025
7d85f25b-9521-4939-b145-10da6ec14e69,001NS00001uEHLfYAO,367.22,20/04/2025,15/05/2025
132354a3-9ac0-43d0-8f3b-3b8b2fd8aa72,001NS00001uEHLgYAO,363.36,20/04/2025,12/05/2025
fcec88ce-faa4-4e72-9d16-a0646a815464,001NS00001uEHLhYAO,887.62,20/04/2025,20/05/2025
b1816718-e18c-4259-a9d4-f036c2746716,001NS00001uEHLiYAO,951.51,20/04/2025,19/04/2025
ebb4987e-4bf6-4d70-9708-d4522f3dd2e4,001NS00001uEHLjYAO,365.93,20/04/2025,12/05/2025
1c12b956-2d36-47ac-b0f0-dc976161d197,001NS00001uEHLkYAO,365.53,20/04/2025,10/05/2025
03ffc8c0-cb01-4e72-a87a-5f600ea135ff,001NS00001uEHLlYAO,362.89,20/04/2025,15/04/2025
40ae01ef-162a-47d7-b8a3-e6e355ca18bc,001NS00001uEHLmYAO,935.07,20/04/2025,12/04/2025
25f2e26e-36a1-4507-8a3a-a4b50d0ade2a,001NS00001uEHLnYAO,360,20/04/2025,16/04/2025
2e9fdb06-3e81-4bd6-83f9-229db4a67364,001NS00001uEHLoYAO,359.29,20/04/2025,19/04/2025
78608b68-997f-441d-a275-e7fb16796f80,001NS00001uEHLpYAO,367.01,20/04/2025,11/05/2025
2fb9fda0-3254-45ea-a9cb-1fa81d6ffc46,001NS00001uEHLqYAO,370.12,20/04/2025,11/04/2025
18172d9d-d02b-4e69-a953-a46a30571c98,001NS00001uEHLrYAO,369.15,20/04/2025,11/04/2025
abe60592-577e-4a28-963c-cc31b99fd2e7,001NS00001uEHLsYAO,364.82,20/04/2025,18/04/2025
38cff691-2754-43d7-8802-033936516102,001NS00001uEHLtYAO,370.21,20/04/2025,11/04/2025
baa1c1e2-8424-4100-aea2-f1f415c93878,001NS00001uEHLuYAO,978.07,20/04/2025,14/04/2025
798de6dc-5db8-483d-b403-46ae15bc7b9a,001NS00001uEHLvYAO,955.56,20/04/2025,19/04/2025
8e7b8b8e-0ea7-4cdd-b054-afc81f887ea8,001NS00001uEHLwYAO,928.02,20/04/2025,11/05/2025
220e97ad-0ee5-4634-a2e2-18383279c741,001NS00001uEHLxYAO,361.48,20/04/2025,10/04/2025
9a5024d9-66a4-43b9-bb6d-82a0be1d98b6,001NS00001uEHLyYAO,363.83,20/04/2025,10/04/2025
47c556d0-c80c-40c4-b01f-215b03fe0040,001NS00001uEHLzYAO,578.59,20/04/2025,11/04/2025
366f13c2-61d8-4903-b5d1-a4d16dd34547,001NS00001uEHM0YAO,585.17,20/04/2025,8/05/2025
0da95394-9b68-4b7c-b5fb-35138b916fb5,001NS00001uEHM1YAO,578.82,20/04/2025,14/04/2025
2ee20d6e-a090-4c54-bfb5-912737e6ed29,001NS00001uEHM2YAO,929.93,20/04/2025,14/05/2025
879f197a-0d9a-4210-b95c-f194e95aef68,001NS00001uEHM3YAO,579,20/04/2025,10/04/2025
5ad19d32-4f4a-4b8c-828e-47f0639737dc,001NS00001uEHM4YAO,581.76,20/04/2025,15/05/2025
6aee4717-eb89-4695-9ba5-1078dff01d3e,001NS00001uEHM5YAO,950.22,20/04/2025,16/05/2025
57ff24a2-fea3-4049-bd19-c5b8ff4bf441,001NS00001uEHM6YAO,929.39,20/04/2025,10/04/2025
b404a14c-b0d7-46c5-a3a5-5d5f4ffc5f18,001NS00001uEHM7YAO,577.53,20/04/2025,14/04/2025
38d9c97b-7e6e-4e4d-aa60-3cee51626484,001NS00001uEHM8YAO,909.87,20/04/2025,17/04/2025
5ff99aa7-861b-40e6-9ad4-a77e5fc5d036,001NS00001uEHM9YAO,407.91,20/04/2025,5/05/2025
0c4eab67-3512-4134-b4cd-d1f82d3cdba2,001NS00001uEHMAYA4,580.12,20/04/2025,12/04/2025
8589763a-b828-407d-8d16-3b29951a4166,001NS00001uEHMBYA4,582.83,20/04/2025,18/04/2025
9445bfd7-fddf-40e7-bfe4-d82917a15fb9,001NS00001uEHMCYA4,920.25,20/04/2025,14/04/2025
547b9b65-b415-4b28-883d-ef8429c5c26e,001NS00001uEHMDYA4,580.87,20/04/2025,12/05/2025
655755f8-7f49-4fc8-bddb-192e0db3116b,001NS00001uEHMEYA4,574.2,20/04/2025,13/04/2025
766ea03f-f1ef-4678-8c9d-a7a5b858af3d,001NS00001uEHMFYA4,577.57,20/04/2025,12/04/2025
c2d2fa88-b320-40de-8796-9371b8058567,001NS00001uEHMGYA4,585.06,20/04/2025,11/04/2025
77df0fc5-7f1c-491b-9918-64936345495f,001NS00001uEHMHYA4,581.48,20/04/2025,13/05/2025
b489dc73-6139-48b1-874a-9b1f5ce8b5db,001NS00001uEHMIYA4,576.1,20/04/2025,13/04/2025
c8a0169b-8573-4549-af7f-70041daec693,001NS00001uEHMJYA4,586.93,20/04/2025,20/05/2025
c80601d8-2dad-4e61-810c-907f828afa01,001NS00001uEHMKYA4,583.65,20/04/2025,12/04/2025
4cf96d91-5bb8-41ea-a49e-f2cf1bac4cc1,001NS00001uEHMLYA4,905.56,20/04/2025,15/04/2025
bd474eac-c4e3-40ef-b70f-436b71da2d48,001NS00001uEHMMYA4,576.74,20/04/2025,13/05/2025
8471e63d-56a9-4d84-a68a-f80b48a613e8,001NS00001uEHMNYA4,929.3,20/04/2025,11/05/2025
3ce52c47-7fe4-490a-a951-7df12ea600ea,001NS00001uEHMOYA4,576.35,20/04/2025,18/04/2025
e100d896-5879-4ae5-8eec-36c8f9c1df35,001NS00001uEHMPYA4,582.96,20/04/2025,14/04/2025
3ed59a43-1881-4e83-9f1d-b76504f90160,001NS00001uEHMQYA4,285.75,20/04/2025,20/05/2025
d1d3ddf2-358b-4cab-bb6b-315108c0f948,001NS00001uEHMRYA4,280.87,20/04/2025,8/05/2025
2578b786-99ba-41bc-bc1c-f309ad9a0e52,001NS00001uEHMSYA4,283.23,20/04/2025,19/05/2025
f6984048-277a-4576-803f-aa0e0195d279,001NS00001uEHMTYA4,921.01,20/04/2025,13/04/2025
231a13ca-c687-4a9e-93e2-fe3918721136,001NS00001uEHMUYA4,286.2,20/04/2025,16/05/2025
7de153b2-4ae3-4101-a86a-7273f3c93435,001NS00001uEHMVYA4,287.32,20/04/2025,17/05/2025
5669386c-4e90-4336-894d-e8f14b56ef75,001NS00001uEHMWYA4,290.01,20/04/2025,16/04/2025
9293a20d-690f-42b5-986e-1969f993698a,001NS00001uEHMXYA4,281.36,20/04/2025,14/05/2025
ac739f21-af7b-407e-b77f-9be239c0e642,001NS00001uEHMYYA4,282.05,20/04/2025,12/05/2025
c5527245-8f8b-47b9-ba6a-653b3400407e,001NS00001uEHMZYA4,919.14,20/04/2025,14/04/2025
77373327-ae9a-46d8-9925-4c7f421adf03,001NS00001uEHMaYAO,283.07,20/04/2025,16/04/2025
c9433c19-95ad-4d6f-a22b-0c8904561ab8,001NS00001uEHMbYAO,282.6,20/04/2025,13/04/2025
f3279062-d7b7-415d-a066-acb2e39da3bb,001NS00001uEHMcYAO,942.86,20/04/2025,16/05/2025
c775e07c-d8ad-496c-b75d-038afc6b877a,001NS00001uEHMdYAO,281.78,20/04/2025,9/05/2025
7a7a5eef-95c2-4d13-89aa-1d2fdf6cc476,001NS00001uEHMeYAO,281.12,20/04/2025,18/04/2025
6ab01416-5c88-4692-936b-518c724f4479,001NS00001uEHMfYAO,286.62,20/04/2025,10/05/2025
6f768c02-d47d-4d43-b32d-90b8f3b16222,001NS00001uEHMgYAO,285.65,20/04/2025,12/04/2025
d277bc6e-eab2-4529-9dce-a6f7fbb42de8,001NS00001uEHMhYAO,288.32,20/04/2025,10/04/2025
37cf18ed-f92d-482c-a493-bdd1e4ffe3b6,001NS00001uEHMiYAO,280.53,20/04/2025,18/05/2025
e389800f-2d3e-4e63-b74e-258b28e5b8a5,001NS00001uEHMjYAO,284.46,20/04/2025,11/04/2025
44f5204e-721a-4ec4-926f-dacac45a5fd3,001NS00001uEHMkYAO,284.08,20/04/2025,14/04/2025
e7c7c821-a225-4e5d-b7b2-90f1319d8ac1,001NS00001uEHMlYAO,750.73,20/04/2025,16/05/2025
33fbe230-9266-4873-a596-8d7c2abd8d8e,001NS00001uEHMmYAO,117.56,20/04/2025,12/04/2025
2a6e5d70-3472-46e8-a88c-a471e578a0e2,001NS00001c9KifYAE,113.39,20/05/2025,13/05/2025
099b7a83-1ad3-4c5a-bc63-81088df11c98,001NS00001c9KigYAE,113.33,20/05/2025,21/06/2025
db3e12aa-d562-4a5e-a8d6-afb483388bbc,001NS00001c9KihYAE,114.27,20/05/2025,12/05/2025
66ff2762-fc71-4361-8168-2d80903185bb,001NS00001uEHLBYA4,678.45,20/05/2025,19/05/2025
b7886992-94a3-49b6-9783-6c256b2b2ddc,001NS00001uEHLCYA4,671.76,20/05/2025,12/06/2025
5f30fbd4-9bfc-43eb-9844-ad3f5d9f0000,001NS00001uEHLDYA4,683.84,20/05/2025,19/06/2025
9a8e3ffa-89cd-41e6-a941-156a8eed8040,001NS00001uEHLEYA4,685.79,20/05/2025,10/05/2025
9b6acfc1-eef8-4a06-9f22-f3b94d175e74,001NS00001uEHLFYA4,967.57,20/05/2025,16/05/2025
693d9fe4-b2c5-4360-802c-b7f160e3eb00,001NS00001uEHLGYA4,984.14,20/05/2025,18/05/2025
c80653a6-6826-4b27-b122-5d65aadd3042,001NS00001uEHLHYA4,127.66,20/05/2025,17/05/2025
582fc17a-cbbc-4d97-a48b-87502c35ffc7,001NS00001uEHLIYA4,127.13,20/05/2025,21/06/2025
c717b9e3-2dfb-4afd-a59f-4bbd9b9e8eb0,001NS00001uEHLJYA4,128.4,20/05/2025,20/06/2025
90430846-a684-4716-9fe2-ed5abcd9e1bf,001NS00001uEHLKYA4,126.18,20/05/2025,18/05/2025
0a9e91cc-2b8d-4b43-92f1-aea7859a6733,001NS00001uEHLLYA4,127.5,20/05/2025,17/05/2025
160d7f81-dbab-4921-b966-994eaf8c3252,001NS00001uEHLMYA4,128.2,20/05/2025,17/05/2025
69348c1b-c8ad-451a-96de-002228bb27ed,001NS00001uEHLNYA4,937.91,20/05/2025,12/05/2025
608701d3-365b-47b4-b753-6c5dcc2feb5b,001NS00001uEHLOYA4,991.6,20/05/2025,19/06/2025
11a98d47-e439-4eb8-af02-21e9bccc4de9,001NS00001uEHLPYA4,126.81,20/05/2025,10/05/2025
d3fbfd07-ca58-4cbe-b3f0-2d7c98c77105,001NS00001uEHLQYA4,127.06,20/05/2025,14/06/2025
f4cf3d54-5df8-4a7a-907c-9a4c475b0ef2,001NS00001uEHLRYA4,687.43,20/05/2025,17/05/2025
22047d6d-ffca-4235-bd08-b5b317cc8944,001NS00001uEHLSYA4,680.46,20/05/2025,16/05/2025
4dfb6cb6-1cde-42bf-a08b-254829939711,001NS00001uEHLTYA4,685.12,20/05/2025,12/05/2025
744f9326-5d27-484c-8772-df52f1ade494,001NS00001uEHLUYA4,687.76,20/05/2025,10/05/2025
7eec0b61-93ad-43e5-b5a8-9f00e7659cb8,001NS00001uEHLVYA4,685.74,20/05/2025,16/05/2025
42310174-a27e-478c-b839-4f1d6c25c94e,001NS00001uEHLWYA4,689.28,20/05/2025,13/05/2025
ff087606-885d-4e08-8b22-3b9b1bac18c8,001NS00001uEHLXYA4,128.53,20/05/2025,22/06/2025
d6d9fcd4-1523-4237-8258-31794eb83485,001NS00001uEHLYYA4,207.96,20/05/2025,14/06/2025
0868ff94-1443-4879-85fb-40e4cf2a8cf1,001NS00001uEHLZYA4,134.12,20/05/2025,13/05/2025
4fb20cde-a2d8-4763-8fe6-56db1db51d9a,001NS00001uEHLaYAO,360.12,20/05/2025,13/05/2025
f26fe973-960a-4b38-9a84-fad5f004aa1f,001NS00001uEHLbYAO,362.83,20/05/2025,17/06/2025
3b4fc00a-11e0-46ab-b2e1-3b97660c3f19,001NS00001uEHLcYAO,362.05,20/05/2025,11/06/2025
9bb7bc87-bd39-461d-9dae-cd72a6aac33b,001NS00001uEHLdYAO,362.1,20/05/2025,11/06/2025
9b3ec235-aff6-42f6-9212-1d37f6cbd774,001NS00001uEHLeYAO,359.87,20/05/2025,13/05/2025
04124515-a194-4e15-9a88-2267a320d96a,001NS00001uEHLfYAO,362.14,20/05/2025,21/06/2025
6a8ad76d-b328-4750-b7e5-543c143c5dee,001NS00001uEHLgYAO,363.41,20/05/2025,4/06/2025
4a269c67-b515-4667-8069-3a9e9d2bcb38,001NS00001uEHLhYAO,970.16,20/05/2025,10/06/2025
678ded5d-9426-4e7b-95ba-0f6ab6b80fc9,001NS00001uEHLiYAO,995.9,20/05/2025,18/05/2025
63645d47-4387-4343-9c2d-e54a5a605bd0,001NS00001uEHLjYAO,360,20/05/2025,5/06/2025
38f75471-12f0-422b-9241-2aa435348baf,001NS00001uEHLkYAO,366.39,20/05/2025,10/06/2025
da01193f-dc76-4677-b42e-42f783801520,001NS00001uEHLlYAO,357.43,20/05/2025,17/05/2025
6c202b12-39ea-4389-b146-961d7cf1c5fb,001NS00001uEHLmYAO,984.66,20/05/2025,18/05/2025
cac146dd-f1d8-4d4d-80d5-fed8e0741396,001NS00001uEHLnYAO,361.04,20/05/2025,17/05/2025
904b7229-8b50-40d2-af19-6b575fa51221,001NS00001uEHLoYAO,357.43,20/05/2025,13/05/2025
22b5a356-cb91-43b2-92c2-afe4ec4785a4,001NS00001uEHLpYAO,361.56,20/05/2025,19/06/2025
0aec1535-759f-4bb9-aae9-d0da94df40eb,001NS00001uEHLqYAO,365.19,20/05/2025,18/05/2025
bb0d5a67-4b96-429f-a77a-61a994c2f0c0,001NS00001uEHLrYAO,366.96,20/05/2025,14/05/2025
681cb111-6a87-4839-8145-44a495910193,001NS00001uEHLsYAO,365.01,20/05/2025,11/05/2025
106a6c60-1228-46cd-9ac1-c8bf2310dae3,001NS00001uEHLtYAO,363.39,20/05/2025,11/05/2025
be9fdfab-1313-4ed5-beec-ad1245e977c0,001NS00001uEHLuYAO,976.91,20/05/2025,16/05/2025
36269839-2456-463c-a13d-e84a01f256fc,001NS00001uEHLvYAO,942.92,20/05/2025,15/05/2025
9a35a23e-023e-4c14-bfdf-cd94b5dc04f4,001NS00001uEHLwYAO,1002.08,20/05/2025,12/06/2025
665ba7a2-7d1b-428c-851a-5c21b44084db,001NS00001uEHLxYAO,361.17,20/05/2025,18/05/2025
12342105-5b65-4c2f-ad32-6ad2299c00d8,001NS00001uEHLyYAO,364.87,20/05/2025,14/05/2025
c22db574-02ff-4a6b-8352-1dd0cab7c564,001NS00001uEHLzYAO,568.61,20/05/2025,10/05/2025
bc0d72a7-c714-4d7e-9c19-4a52c1cdbd6e,001NS00001uEHM0YAO,555.5,20/05/2025,13/06/2025
b0b4391d-97e0-4752-9733-3aaefea56d99,001NS00001uEHM1YAO,556.31,20/05/2025,17/05/2025
7010475b-71c2-4ab7-96b7-1d5915e87096,001NS00001uEHM2YAO,986.93,20/05/2025,7/06/2025
4f99b74e-8196-4b1d-a53f-5480282d1c9d,001NS00001uEHM3YAO,564.35,20/05/2025,15/05/2025
621b54ab-163b-4678-9e92-9b8a21cda7c9,001NS00001uEHM4YAO,564.33,20/05/2025,4/06/2025
0606461b-e7bb-472d-afa7-bb51c578f680,001NS00001uEHM5YAO,949.43,20/05/2025,5/06/2025
e79ff03f-31ee-42db-b82a-65019747824a,001NS00001uEHM6YAO,952.16,20/05/2025,11/05/2025
0eddac99-529d-40c9-b45b-f60a607f04b5,001NS00001uEHM7YAO,559.58,20/05/2025,14/05/2025
8be9311f-38d3-4a2f-9547-86b4626dbb27,001NS00001uEHM8YAO,976.49,20/05/2025,13/05/2025
591b0cf0-88eb-4465-9a04-f49b561cb2de,001NS00001uEHM9YAO,402.3,20/05/2025,10/06/2025
64449cf7-7815-4222-8143-17cf269bd2ca,001NS00001uEHMAYA4,558.54,20/05/2025,17/05/2025
05ab321e-780e-44d9-a6e9-596c622c2eef,001NS00001uEHMBYA4,561.82,20/05/2025,12/05/2025
96c46b26-ed9e-4d54-ad75-4c9420346efc,001NS00001uEHMCYA4,989.83,20/05/2025,14/05/2025
c012c247-1d82-4b27-b8dd-7ffa4327fe85,001NS00001uEHMDYA4,554.85,20/05/2025,16/06/2025
a3ce3e86-891b-4771-a3fb-7f594d92d0c3,001NS00001uEHMEYA4,561.02,20/05/2025,17/05/2025
ca849015-d5e2-4921-a9b2-6c81ac612bb8,001NS00001uEHMFYA4,564.97,20/05/2025,13/05/2025
7a1cca68-7d91-4d23-8e1f-207161cded1e,001NS00001uEHMGYA4,569.58,20/05/2025,19/05/2025
d5706539-0446-47c6-93bc-1d4fad308894,001NS00001uEHMHYA4,567.15,20/05/2025,18/06/2025
ca7fd0aa-99b8-4f93-9e97-6cd2045f9d0e,001NS00001uEHMIYA4,555.7,20/05/2025,11/05/2025
ce1f2899-7419-43c4-b0fe-d8c3f4d1a58c,001NS00001uEHMJYA4,568.81,20/05/2025,9/06/2025
77c720ef-375e-414a-9d85-ac13212d9377,001NS00001uEHMKYA4,573.48,20/05/2025,15/05/2025
e68e8365-97be-45f5-99ff-3c41d4a3b341,001NS00001uEHMLYA4,1023.25,20/05/2025,18/05/2025
bcd499bb-38a7-45ca-9b7a-581589efb55b,001NS00001uEHMMYA4,563.12,20/05/2025,11/06/2025
7bd23a52-74c9-4f22-846e-62723204bc7d,001NS00001uEHMNYA4,987.55,20/05/2025,12/06/2025
f36560e9-cede-44a8-aaa8-b341894e4f8f,001NS00001uEHMOYA4,560.12,20/05/2025,11/05/2025
1ddb81b8-c794-4721-86b4-412a12b60fc0,001NS00001uEHMPYA4,565.7,20/05/2025,16/05/2025
a8b8313d-d4a6-460b-9e15-e1a6e486d804,001NS00001uEHMQYA4,275.41,20/05/2025,6/06/2025
c9659d07-3e0e-4ece-aa28-a3a3fad87af5,001NS00001uEHMRYA4,278.64,20/05/2025,15/06/2025
e9867c37-e952-4f6f-92af-e10cd999868f,001NS00001uEHMSYA4,269.97,20/05/2025,16/06/2025
8e4a5006-d146-4e52-b250-f21db3085b8c,001NS00001uEHMTYA4,945.99,20/05/2025,19/05/2025
273c6158-2279-4656-a42b-e8b629f8d6d0,001NS00001uEHMUYA4,268.67,20/05/2025,14/06/2025
54051a77-fc31-48e2-bc0a-69e64afe7b4f,001NS00001uEHMVYA4,271.53,20/05/2025,19/06/2025
6a5397e2-fef6-4eee-a37b-5904a13fec3c,001NS00001uEHMWYA4,272.14,20/05/2025,19/05/2025
1202c7f1-10f4-47c2-b515-66f21abe23aa,001NS00001uEHMXYA4,276.81,20/05/2025,18/06/2025
0a0585a6-b8f4-4e4a-94dd-72c5792d700c,001NS00001uEHMYYA4,274.2,20/05/2025,18/06/2025
89b65c45-d62e-434f-96fe-b440bc6463ff,001NS00001uEHMZYA4,1026.8,20/05/2025,10/05/2025
08ded4b1-a339-4de0-a8ad-7ecf0e9ec2b2,001NS00001uEHMaYAO,275.06,20/05/2025,18/05/2025
d19dd7c1-a133-4903-be7e-00922c6acab6,001NS00001uEHMbYAO,276.06,20/05/2025,12/05/2025
3ed66cc1-096b-4c6d-8714-9f9ac51bcd7d,001NS00001uEHMcYAO,957.08,20/05/2025,22/06/2025
00413e89-e0c7-4150-b1f2-a699d4eeedf4,001NS00001uEHMdYAO,276.22,20/05/2025,10/06/2025
f1044c2a-e1dd-42cf-9596-7b17fbda4b47,001NS00001uEHMeYAO,278.42,20/05/2025,15/05/2025
eee68f18-24f7-44e5-8da1-b2127d857be3,001NS00001uEHMfYAO,271.3,20/05/2025,17/06/2025
bbf723f2-bc3e-4bff-8480-c69bb90e4619,001NS00001uEHMgYAO,281.6,20/05/2025,15/05/2025
569279a7-7444-42e4-a9ad-29ebe9be3c9b,001NS00001uEHMhYAO,277.79,20/05/2025,18/05/2025
54f73172-592e-45f4-9b04-a504953c8d49,001NS00001uEHMiYAO,278.69,20/05/2025,15/06/2025
8f915498-34a3-44e7-9325-b2ddd5b29fd1,001NS00001uEHMjYAO,278.55,20/05/2025,15/05/2025
3b4d70ab-eafd-46aa-ac9f-82ca9810957a,001NS00001uEHMkYAO,275.34,20/05/2025,18/05/2025
e5d7edda-1e71-41da-9105-e775746ed52c,001NS00001uEHMlYAO,734.38,20/05/2025,16/06/2025
c8ed22d0-1ce2-488f-b9f5-1e11dd7d9c3a,001NS00001uEHMmYAO,114.03,20/05/2025,15/05/2025
f1331b9e-92b8-4e3e-8536-519a3a2ceff6,001NS00001c9KifYAE,117.46,20/06/2025,12/06/2025
891c30fa-1a03-49df-9c13-9859fa8fc7ff,001NS00001c9KigYAE,117.94,20/06/2025,29/07/2025
1cfc9dd9-78d6-445c-b628-ca48acd1cee3,001NS00001c9KihYAE,118.58,20/06/2025,13/06/2025
25494b9e-3ac5-44c5-83eb-e29edcd8f42c,001NS00001uEHLBYA4,702.39,20/06/2025,11/06/2025
f9717855-ba89-4b62-923d-3f10491a9bc6,001NS00001uEHLCYA4,704.69,20/06/2025,16/07/2025
e70c1f0a-96fa-487a-9f21-e1c7597348d7,001NS00001uEHLDYA4,700.76,20/06/2025,28/07/2025
01228923-4c77-4e75-8b81-cbc48084d8df,001NS00001uEHLEYA4,705.14,20/06/2025,13/06/2025
2edda5a0-3ae2-47c2-ba45-9091e9a62ccb,001NS00001uEHLFYA4,968.6,20/06/2025,17/06/2025
9bbc2d95-d6f9-474e-84ed-35a532c16ca7,001NS00001uEHLGYA4,948.63,20/06/2025,12/06/2025
0cac2c8e-e09c-4087-b3ab-c6a5f91bd4cc,001NS00001uEHLHYA4,133.37,20/06/2025,16/06/2025
4392b4d0-676e-4be0-9363-d72ac7bbf331,001NS00001uEHLIYA4,130.63,20/06/2025,25/07/2025
b47e5f51-3f0e-44c4-927a-edc3d7aa9c26,001NS00001uEHLJYA4,130.36,20/06/2025,25/07/2025
59642c03-d68c-4c5e-8674-0808719ddb65,001NS00001uEHLKYA4,132.44,20/06/2025,18/06/2025
60d75d94-e0b6-47e3-aad9-e78e7e1781b1,001NS00001uEHLLYA4,132.7,20/06/2025,17/06/2025
6048e4ae-c420-47bd-963a-effb9eb29677,001NS00001uEHLMYA4,131.95,20/06/2025,10/06/2025
54325dd9-9c41-48f1-b006-dd6e40bf88f7,001NS00001uEHLNYA4,943.16,20/06/2025,10/06/2025
51146def-42ce-4ef3-a55f-f31047bed7b3,001NS00001uEHLOYA4,952.41,20/06/2025,11/07/2025
b4c6fcdb-9d97-448e-aa64-ae3856fd5ac5,001NS00001uEHLPYA4,130.98,20/06/2025,12/06/2025
1356eff9-0fe2-40d6-a222-2fd7d8840ec9,001NS00001uEHLQYA4,131.5,20/06/2025,6/07/2025
8b114ef8-d35e-4dfa-92d0-42387742e007,001NS00001uEHLRYA4,710.2,20/06/2025,15/06/2025
c56caafd-8330-4e31-9f19-dc53cb431922,001NS00001uEHLSYA4,694.69,20/06/2025,13/06/2025
dc03f123-2b5d-46b1-9def-96ed5066fd9e,001NS00001uEHLTYA4,704.09,20/06/2025,15/06/2025
3bbb9313-1f2d-43f4-88c1-4686549bef4c,001NS00001uEHLUYA4,711.43,20/06/2025,17/06/2025
6a9672da-bd5c-41d9-97c1-fda8dcdb3735,001NS00001uEHLVYA4,701.83,20/06/2025,13/06/2025
a692e0da-7e3f-48b7-8cbc-d3e98b9092a5,001NS00001uEHLWYA4,692.16,20/06/2025,11/06/2025
30d982a2-6e24-451b-92f1-47e13754caaf,001NS00001uEHLXYA4,132.95,20/06/2025,29/07/2025
b7062559-b4ee-4fb6-bb93-480ecdab34f0,001NS00001uEHLYYA4,210.65,20/06/2025,15/07/2025
35af471a-44a3-4261-999f-6ffb5bf7119a,001NS00001uEHLZYA4,137.65,20/06/2025,14/06/2025
b667abb3-65e0-40bf-b8c8-eb7440a8462d,001NS00001uEHLaYAO,370.03,20/06/2025,19/06/2025
50390276-d10f-47cb-8c8d-074ed3210660,001NS00001uEHLbYAO,369.82,20/06/2025,15/07/2025
b3d1c990-e298-4ba2-87f9-a96b5a40a061,001NS00001uEHLcYAO,367.84,20/06/2025,13/07/2025
5d9e27b3-9b10-4247-ad33-878af1b5043e,001NS00001uEHLdYAO,366.33,20/06/2025,8/07/2025
3ca36fe2-3c77-4ad2-9ca5-46dae6cf5648,001NS00001uEHLeYAO,370.89,20/06/2025,14/06/2025
2cd1bda0-f33a-49fc-9505-0b5b3bdcfca7,001NS00001uEHLfYAO,371.07,20/06/2025,29/07/2025
8bef7874-b38d-4712-8d0b-87dd2f5bb3d2,001NS00001uEHLgYAO,375.73,20/06/2025,18/07/2025
7ab660cc-63e0-4430-93f0-81de0697250a,001NS00001uEHLhYAO,998.72,20/06/2025,19/07/2025
2e894e37-34c3-4c64-94cb-d1b0a9e213c3,001NS00001uEHLiYAO,966.74,20/06/2025,16/06/2025
7ebf0f8f-2210-4fb7-b07b-67d3a41657c2,001NS00001uEHLjYAO,368.36,20/06/2025,6/07/2025
03db885e-1940-49a9-ba27-f0d8f6da9c96,001NS00001uEHLkYAO,366.57,20/06/2025,7/07/2025
e2ea696b-b84e-4ed8-9738-824318a63b20,001NS00001uEHLlYAO,369.62,20/06/2025,16/06/2025
d78c1cad-6726-403f-ac0f-06777e7e26fd,001NS00001uEHLmYAO,951.84,20/06/2025,15/06/2025
7fc9e61a-a9c1-47ec-9db0-5d123d62b6fa,001NS00001uEHLnYAO,370.79,20/06/2025,16/06/2025
0bac03f9-e363-4262-ad87-2090de87a13d,001NS00001uEHLoYAO,376.87,20/06/2025,15/06/2025
88f50534-dea8-496a-8ffa-f149d679c8d2,001NS00001uEHLpYAO,376.68,20/06/2025,20/07/2025
a68c16f2-3e2d-48da-bb9b-984a127668d0,001NS00001uEHLqYAO,374.07,20/06/2025,19/06/2025
dd000cde-3e3d-408c-a61c-97f2db13db51,001NS00001uEHLrYAO,368.56,20/06/2025,18/06/2025
4398e14c-97a0-4630-a164-4859d66fa11d,001NS00001uEHLsYAO,369.96,20/06/2025,16/06/2025
c52553b5-47f9-486a-aef1-fd890395950d,001NS00001uEHLtYAO,372.36,20/06/2025,11/06/2025
020a7a28-8dba-4292-ac31-2de79eba26f5,001NS00001uEHLuYAO,975.13,20/06/2025,15/06/2025
c4dbf7dd-babf-414e-b8d6-773f4e780ea5,001NS00001uEHLvYAO,1014.49,20/06/2025,10/06/2025
0a23307e-f0e1-446a-b5fe-444672cd0236,001NS00001uEHLwYAO,979.55,20/06/2025,13/07/2025
68617908-2e83-4431-8b7e-00c48ee27603,001NS00001uEHLxYAO,370.87,20/06/2025,14/06/2025
c34a312c-ebd5-4ae1-b0cd-bd8b0f2d8b84,001NS00001uEHLyYAO,370.78,20/06/2025,15/06/2025
d14964c9-86dc-4185-b5bb-b7b28c7a3ac1,001NS00001uEHLzYAO,584.18,20/06/2025,13/06/2025
22bdda50-b1cc-411f-b4d4-e2bdbe02132f,001NS00001uEHM0YAO,582.03,20/06/2025,9/07/2025
c1743547-c6a6-4216-bd7f-6b2567a6efed,001NS00001uEHM1YAO,589.34,20/06/2025,14/06/2025
44349245-f5b3-44f4-b997-731e94a798df,001NS00001uEHM2YAO,973.24,20/06/2025,17/07/2025
8225bfbd-8438-479d-821b-0f2bddb8942d,001NS00001uEHM3YAO,586.02,20/06/2025,13/06/2025
bb7de8f8-1508-4d63-b258-6038599c8f9e,001NS00001uEHM4YAO,576.45,20/06/2025,14/07/2025
03b2bd37-8f29-4258-a67b-c2eb111a0e49,001NS00001uEHM5YAO,971.02,20/06/2025,14/07/2025
402f832e-6975-4bc0-9f78-42c4140bcbc7,001NS00001uEHM6YAO,999.13,20/06/2025,10/06/2025
32c795de-2057-4e1f-8243-3fc526bd4b25,001NS00001uEHM7YAO,576.34,20/06/2025,17/06/2025
b71a6d8f-a32b-4223-84cb-e7738e7563e7,001NS00001uEHM8YAO,1002.49,20/06/2025,16/06/2025
1baa1a94-d6a9-41e1-a4e4-094d1722bdc6,001NS00001uEHM9YAO,415.13,20/06/2025,12/07/2025
ae0990ca-2899-4895-a123-3e81f7714de9,001NS00001uEHMAYA4,573.51,20/06/2025,12/06/2025
2c24c35d-53ba-46a7-b758-48244b0ad604,001NS00001uEHMBYA4,584.72,20/06/2025,12/06/2025
b165a3b8-050c-4010-839b-9119791b8aa3,001NS00001uEHMCYA4,981.73,20/06/2025,14/06/2025
336a7fe3-9bd4-4db3-b45b-52fc51f40aa0,001NS00001uEHMDYA4,592.89,20/06/2025,8/07/2025
5fa9fb03-a578-40e8-8771-b55871815e77,001NS00001uEHMEYA4,572.63,20/06/2025,16/06/2025
7bf63db7-ad2a-42aa-929b-02fe5864ee7b,001NS00001uEHMFYA4,573.32,20/06/2025,19/06/2025
d857b687-8e4f-486d-8ff8-2c2cf5cec53e,001NS00001uEHMGYA4,584.1,20/06/2025,10/06/2025
71d69444-5eab-496f-ab02-ea732ee5a4c5,001NS00001uEHMHYA4,587.58,20/06/2025,9/07/2025
dc056952-4d7e-45e4-bdcc-189086e717c8,001NS00001uEHMIYA4,581.59,20/06/2025,12/06/2025
ec8b9fb4-8b38-4df3-9c10-bb09477f7d76,001NS00001uEHMJYA4,583.07,20/06/2025,10/07/2025
54122995-0f8b-4ae5-bd52-41a88813564e,001NS00001uEHMKYA4,581.45,20/06/2025,17/06/2025
e97d63e3-236b-42cc-a020-1e82544c4e4f,001NS00001uEHMLYA4,993.64,20/06/2025,11/06/2025
05046576-6a07-40ee-8843-bd56ed895048,001NS00001uEHMMYA4,584,20/06/2025,13/07/2025
68175cbc-f1ad-4343-af0d-a482a69bd784,001NS00001uEHMNYA4,935.37,20/06/2025,8/07/2025
ee9f785c-f1fb-4cc2-8a82-d6f26fc608fa,001NS00001uEHMOYA4,578.82,20/06/2025,12/06/2025
8fd3546f-9ce0-4b38-852f-98d3d776fe17,001NS00001uEHMPYA4,579.71,20/06/2025,17/06/2025
ede6d8e6-46ce-417a-87b8-9d2e0b03a3cc,001NS00001uEHMQYA4,285.54,20/06/2025,18/07/2025
fe270137-afb4-41e0-a44b-eab3bee5a48d,001NS00001uEHMRYA4,287.72,20/06/2025,18/07/2025
f41c7c1a-6b61-447d-8d3b-9b6865a5461a,001NS00001uEHMSYA4,287.5,20/06/2025,11/07/2025
e52a049a-8222-430e-bfd1-4c9fe3020c71,001NS00001uEHMTYA4,977.68,20/06/2025,11/06/2025
47d2fd89-40fa-4b59-bf64-b1da0b134335,001NS00001uEHMUYA4,284.82,20/06/2025,20/07/2025
26260932-07f2-4249-a4b5-ca45a5ca1734,001NS00001uEHMVYA4,285.05,20/06/2025,25/07/2025
edc2b8c5-f4dd-45e8-bdf1-405fd152ba3f,001NS00001uEHMWYA4,282.43,20/06/2025,12/06/2025
a38cc721-9673-4c6b-93e7-74b1e9b7497e,001NS00001uEHMXYA4,283.58,20/06/2025,12/07/2025
22d0b3f8-3da2-4fd0-814b-e01016ac5890,001NS00001uEHMYYA4,285.34,20/06/2025,19/07/2025
bc6d682d-3d2f-48a2-a201-5ff3baad6b48,001NS00001uEHMZYA4,942.89,20/06/2025,10/06/2025
3a1c4698-27eb-4663-8d02-920c72a68ca1,001NS00001uEHMaYAO,286.1,20/06/2025,17/06/2025
0ee6c56f-0917-46b3-9be6-a2607784d11a,001NS00001uEHMbYAO,283.86,20/06/2025,18/06/2025
85da8041-8566-411f-861d-064c0893d595,001NS00001uEHMcYAO,973.95,20/06/2025,25/07/2025
99a91b44-03a8-4716-ba5c-efbe66409d62,001NS00001uEHMdYAO,286.51,20/06/2025,20/07/2025
f65fd9d1-6e28-48b9-91bc-f7f35c5535cd,001NS00001uEHMeYAO,278.56,20/06/2025,16/06/2025
304fe2e7-79ef-45e6-85bc-4889158ea6e6,001NS00001uEHMfYAO,283.06,20/06/2025,19/07/2025
930979c6-9677-4f8a-a9a5-ae400ff6fdbf,001NS00001uEHMgYAO,283.81,20/06/2025,11/06/2025
f0e358a5-fcea-47ea-a27f-239139a1cf4c,001NS00001uEHMhYAO,282.86,20/06/2025,17/06/2025
ad2031ef-e275-4fe2-baa2-2577eb3ce927,001NS00001uEHMiYAO,280.8,20/06/2025,8/07/2025
28116cb3-8ec1-41bd-bdad-2da7b4f793bf,001NS00001uEHMjYAO,289.8,20/06/2025,13/06/2025
2b29cfa5-bfac-4e8d-a319-9d2887ec2bc6,001NS00001uEHMkYAO,281.49,20/06/2025,13/06/2025
f295cb9e-3738-49e8-83c0-597371fc381b,001NS00001uEHMlYAO,759.27,20/06/2025,14/07/2025
8e213c76-d1c7-4cac-85a7-f46303242ea0,001NS00001uEHMmYAO,117.91,20/06/2025,15/06/2025
08dc60c1-d27d-4968-b605-ae2fa1d880e0,001NS00001c9KifYAE,113.22,20/07/2025,14/07/2025
dcb457c2-678e-4a52-a12a-757518d7621b,001NS00001c9KigYAE,113.82,20/07/2025,31/08/2025
7478cd99-65c8-4c6e-89b4-e6863871cf66,001NS00001c9KihYAE,114.3,20/07/2025,15/07/2025
e41a937e-99d4-4c90-91bd-f27de9583486,001NS00001uEHLBYA4,689.96,20/07/2025,16/07/2025
07c3a537-0f8f-4f47-89b1-e18d941ae6c5,001NS00001uEHLCYA4,675.86,20/07/2025,18/08/2025
244cef5c-93b5-4d9a-a3f4-04d62fbb2021,001NS00001uEHLDYA4,671.21,20/07/2025,30/08/2025
fb63c11c-27e6-47c9-98dc-7cfa94659132,001NS00001uEHLEYA4,672.06,20/07/2025,18/07/2025
afb001c5-16cc-4be5-802f-85b0a6ec3843,001NS00001uEHLFYA4,943.95,20/07/2025,16/07/2025
5738864f-bcf1-4bf6-acb1-34fea71a2bc7,001NS00001uEHLGYA4,924.94,20/07/2025,12/07/2025
2feb1829-f7d5-4d69-a4d6-65ff9ce8f571,001NS00001uEHLHYA4,127.96,20/07/2025,15/07/2025
4f87ae15-2070-459a-8812-8239a8d6b950,001NS00001uEHLIYA4,127.93,20/07/2025,29/08/2025
551dbc78-ad0f-4bf1-8baa-3bbae2bb9cd3,001NS00001uEHLJYA4,128.12,20/07/2025,31/08/2025
0cbf52c9-06f9-44b0-97ca-e5a368d00db6,001NS00001uEHLKYA4,127.99,20/07/2025,16/07/2025
82a8a788-32e5-41d7-ac5c-305264866f48,001NS00001uEHLLYA4,128.85,20/07/2025,10/07/2025
ad1c153c-baf9-4fbb-a376-f33336e3dcbe,001NS00001uEHLMYA4,129.89,20/07/2025,11/07/2025
d0d4b830-1835-4c85-b46a-6dde5bea9343,001NS00001uEHLNYA4,914.54,20/07/2025,17/07/2025
3ea98c69-1031-45ba-92be-e2934a7144a6,001NS00001uEHLOYA4,953.95,20/07/2025,7/08/2025
81d0695a-e99d-4a67-bedf-5c9f986a32a1,001NS00001uEHLPYA4,127.33,20/07/2025,12/07/2025
f2025b11-100e-4d29-ad5d-93c61be156ea,001NS00001uEHLQYA4,125.99,20/07/2025,15/08/2025
e17b6eb7-57b9-4ffd-8403-3ee8d5f96d38,001NS00001uEHLRYA4,667.91,20/07/2025,10/07/2025
38694f04-1bf2-4c4a-b166-023a4847b4cc,001NS00001uEHLSYA4,669.8,20/07/2025,11/07/2025
df01210f-aa9f-42e6-96cc-dcf3e36ee3ce,001NS00001uEHLTYA4,670.62,20/07/2025,13/07/2025
2c4fb7d6-ea2a-4479-96bb-8970351b6b4d,001NS00001uEHLUYA4,685.6,20/07/2025,16/07/2025
55c6c05e-e8c5-438a-aee1-bd2944a0fbca,001NS00001uEHLVYA4,687.09,20/07/2025,11/07/2025
e09d2b84-cea6-4199-8548-877f2429ceb4,001NS00001uEHLWYA4,679.45,20/07/2025,15/07/2025
f0cbc489-bd4c-4eec-b152-ca47211e494b,001NS00001uEHLXYA4,128,20/07/2025,2/09/2025
bd3b449d-89c5-4607-8fab-8583ff4f88e0,001NS00001uEHLYYA4,205.12,20/07/2025,8/08/2025
88fac8d7-a8d6-475e-a738-3b533044d75b,001NS00001uEHLZYA4,135.65,20/07/2025,12/07/2025
5ed44752-87d0-45e1-a1d0-ed95eee5bfb9,001NS00001uEHLaYAO,359.33,20/07/2025,16/07/2025
92fc3e18-fc11-46f2-99d4-b80493200a74,001NS00001uEHLbYAO,357.42,20/07/2025,13/08/2025
68c74394-53d8-43c7-9dcc-6165a049078b,001NS00001uEHLcYAO,354.11,20/07/2025,8/08/2025
e5704b07-9296-4f21-98ed-cc58f70cc807,001NS00001uEHLdYAO,359.36,20/07/2025,18/08/2025
6218cdc1-16d9-40de-9f3b-2d47312e68cd,001NS00001uEHLeYAO,355.15,20/07/2025,17/07/2025
9d61588c-9973-4061-b458-f0c485614188,001NS00001uEHLfYAO,362.86,20/07/2025,1/09/2025
b59581e3-9156-4d1d-bcc6-0179bb5d7474,001NS00001uEHLgYAO,358.31,20/07/2025,18/08/2025
bad2ac7d-4387-405f-9498-f7da5222fbfd,001NS00001uEHLhYAO,943.91,20/07/2025,4/08/2025
ec593b13-4d80-4980-b9e6-1ad541fe4fdd,001NS00001uEHLiYAO,925.73,20/07/2025,12/07/2025
aa4e6770-ee37-4f0e-b677-ce3bfbf58224,001NS00001uEHLjYAO,357.39,20/07/2025,19/08/2025
aa945e6c-780e-4ecf-849b-df98f0820785,001NS00001uEHLkYAO,354.99,20/07/2025,10/08/2025
18633ed2-a8e7-4f5e-83b6-d6615cd244bc,001NS00001uEHLlYAO,355.28,20/07/2025,13/07/2025
02cef37c-072f-44ae-ba76-b150c0e3211c,001NS00001uEHLmYAO,916.84,20/07/2025,19/07/2025
751d9c1c-7d6d-478d-a711-676b41d6aa17,001NS00001uEHLnYAO,364.89,20/07/2025,11/07/2025
e308b25c-1301-4197-9612-0da812f3005f,001NS00001uEHLoYAO,360.68,20/07/2025,13/07/2025
f72d4fb8-fa1c-47ee-8a78-0ac6657e7895,001NS00001uEHLpYAO,359.35,20/07/2025,17/08/2025
a7101d5e-9522-470b-8ede-089505dc2825,001NS00001uEHLqYAO,361.2,20/07/2025,19/07/2025
813d7831-bf57-4653-92a6-ce3756862725,001NS00001uEHLrYAO,357.62,20/07/2025,11/07/2025
0e67f479-cd06-466e-9666-0c2188d0ea65,001NS00001uEHLsYAO,362.67,20/07/2025,15/07/2025
a2cd931a-2db1-4f29-a314-80c1afccde6d,001NS00001uEHLtYAO,356.41,20/07/2025,16/07/2025
b3ecd0cb-7ff6-4ebf-983f-c0b2cfbcc806,001NS00001uEHLuYAO,945.71,20/07/2025,11/07/2025
1cba32f1-df75-4c9a-86f2-7e5b880926ec,001NS00001uEHLvYAO,944.99,20/07/2025,13/07/2025
e5b5aac8-14d3-48e6-aa14-2a3fb666da8c,001NS00001uEHLwYAO,951.85,20/07/2025,5/08/2025
5633a7f1-9b1f-43e0-874e-7d29cd7c1c27,001NS00001uEHLxYAO,358.23,20/07/2025,15/07/2025
c4d06f9b-c710-4909-81c4-b57cbb039727,001NS00001uEHLyYAO,354.18,20/07/2025,16/07/2025
08e4fa02-5571-4888-858b-2e02510d12eb,001NS00001uEHLzYAO,552.28,20/07/2025,14/07/2025
8bd21088-d607-49dd-afa6-0ad86bb7074f,001NS00001uEHM0YAO,560.9,20/07/2025,15/08/2025
e176d821-0eee-4a8a-a425-726b6e2750ce,001NS00001uEHM1YAO,568.97,20/07/2025,16/07/2025
15766caa-48f7-4ff0-87c4-e2db84878afc,001NS00001uEHM2YAO,893.08,20/07/2025,8/08/2025
9c6aa893-f5e3-43d0-9505-8a0d62485f4a,001NS00001uEHM3YAO,550.48,20/07/2025,15/07/2025
7fa47f2c-def2-410a-94b4-5cda01f18bab,001NS00001uEHM4YAO,560.77,20/07/2025,7/08/2025
d67b60dd-c76b-4f45-b2bf-b21643ab653d,001NS00001uEHM5YAO,935.22,20/07/2025,12/08/2025
ee741705-332b-4cdb-9821-3681fc2e69c2,001NS00001uEHM6YAO,942.27,20/07/2025,10/07/2025
0273ac0c-a709-4784-bcef-32ddcc0bb1bd,001NS00001uEHM7YAO,566.6,20/07/2025,13/07/2025
18286a30-e12b-48c3-a97d-e0ac88eeccf9,001NS00001uEHM8YAO,929.95,20/07/2025,18/07/2025
e5c3ee54-157a-4c42-8874-ecb693860a54,001NS00001uEHM9YAO,394.31,20/07/2025,16/08/2025
8b9a29c2-e41c-41fa-9650-98268c731609,001NS00001uEHMAYA4,557.08,20/07/2025,19/07/2025
c2ef1494-d4ed-46f9-95e8-6435c23c3cbd,001NS00001uEHMBYA4,554.85,20/07/2025,18/07/2025
dd8aeba1-4a25-481d-802c-c47c62876008,001NS00001uEHMCYA4,899.96,20/07/2025,19/07/2025
55016dfd-731f-4508-8a9e-2cc9d706b753,001NS00001uEHMDYA4,561.07,20/07/2025,6/08/2025
5ce0e86a-9069-4206-bc5a-4f6648f59b5d,001NS00001uEHMEYA4,561.94,20/07/2025,16/07/2025
9966ff0b-ff3b-49b0-ab87-ba0b6ce9eab0,001NS00001uEHMFYA4,561.7,20/07/2025,12/07/2025
81c9b24c-2cab-42a2-bf72-58946514a058,001NS00001uEHMGYA4,558.25,20/07/2025,18/07/2025
7714e58b-86e7-4c93-88de-5bf91dfcd38c,001NS00001uEHMHYA4,561.78,20/07/2025,9/08/2025
70f84820-92ae-4ac8-9acc-caf2ef13e327,001NS00001uEHMIYA4,557.73,20/07/2025,10/07/2025
1ec6dce1-1e11-48e6-a09e-2d05ddfc8bee,001NS00001uEHMJYA4,563.55,20/07/2025,16/08/2025
5aabcb51-1ba7-47a5-8df8-f6f84dd245fd,001NS00001uEHMKYA4,566.77,20/07/2025,11/07/2025
7f471063-7681-45be-8ac6-8733d834116a,001NS00001uEHMLYA4,907.09,20/07/2025,17/07/2025
1bc7a172-e490-4a04-a765-ca40e0bbca72,001NS00001uEHMMYA4,553.9,20/07/2025,7/08/2025
0e5eff08-6d8c-4e85-9199-6af6ceb1aa73,001NS00001uEHMNYA4,927.74,20/07/2025,4/08/2025
b0de4ac6-b608-44f5-9cfa-30d53c2f3840,001NS00001uEHMOYA4,559.48,20/07/2025,16/07/2025
5b75026d-ab04-4d61-aa12-6e11bc252621,001NS00001uEHMPYA4,560.56,20/07/2025,15/07/2025
eee07bb5-f2f9-4557-a77a-1ccff77e387a,001NS00001uEHMQYA4,270.15,20/07/2025,16/08/2025
75d61036-a6fe-4bea-92ac-4dc39e5d5427,001NS00001uEHMRYA4,270.18,20/07/2025,17/08/2025
e0792ba5-8593-4015-9cde-4f3f67b6b751,001NS00001uEHMSYA4,274.63,20/07/2025,15/08/2025
2c550aa1-69d0-4867-83ad-fc0c100e5f21,001NS00001uEHMTYA4,938.42,20/07/2025,12/07/2025
2fff802e-3c27-4306-be21-b04aac965807,001NS00001uEHMUYA4,277.29,20/07/2025,10/08/2025
c787745e-5d88-4db5-9e2d-20059b08049c,001NS00001uEHMVYA4,276.01,20/07/2025,31/08/2025
bf178b4a-2c1b-46f4-a147-1e4e745c277b,001NS00001uEHMWYA4,272.73,20/07/2025,18/07/2025
1de4a0ad-68fc-4963-badd-d6ace1bf5cdc,001NS00001uEHMXYA4,278.13,20/07/2025,7/08/2025
29a6584a-1c8f-4493-a639-6acd9568afe8,001NS00001uEHMYYA4,274.64,20/07/2025,12/08/2025
f9f3b4fc-f437-4ed7-b721-74fe42ab0caa,001NS00001uEHMZYA4,926.98,20/07/2025,11/07/2025
38e8bf76-b950-4c05-a2d5-442a306013f2,001NS00001uEHMaYAO,282.47,20/07/2025,16/07/2025
3f2f38e7-74d6-4631-ae7a-984ab60fb189,001NS00001uEHMbYAO,271.58,20/07/2025,10/07/2025
a0aecb3d-3c76-4d11-bdc4-d4f4280215e8,001NS00001uEHMcYAO,913.13,20/07/2025,29/08/2025
5d568bba-b1aa-4b5d-bebe-9b4688e9d1e1,001NS00001uEHMdYAO,276.83,20/07/2025,18/08/2025
b6850f7b-a900-4690-bb3a-5de23777d55d,001NS00001uEHMeYAO,276.92,20/07/2025,19/07/2025
e5a670b8-a9b8-488d-868d-eefecedc01b2,001NS00001uEHMfYAO,273.63,20/07/2025,13/08/2025
947e196a-5f16-4b51-b70c-9c862f22c414,001NS00001uEHMgYAO,271.96,20/07/2025,18/07/2025
a273f51a-1654-4bd8-8ae2-69248258cc7f,001NS00001uEHMhYAO,276.25,20/07/2025,13/07/2025
83d41ebd-580a-4855-bcac-06825122a351,001NS00001uEHMiYAO,274.75,20/07/2025,12/08/2025
4d73d6f3-9482-4e97-96ea-986cdc304397,001NS00001uEHMjYAO,276.99,20/07/2025,14/07/2025
b3e42491-fbcb-43af-885e-8c77c063868b,001NS00001uEHMkYAO,273.44,20/07/2025,13/07/2025
1ca81a69-12ca-4895-91c2-e87814bb66c0,001NS00001uEHMlYAO,735.64,20/07/2025,7/08/2025
4fddd868-752e-431f-ae62-11bec860fb70,001NS00001uEHMmYAO,113.93,20/07/2025,18/07/2025
f3de595a-2932-42d7-9db5-1c6027baa611,001NS00001c9KifYAE,117.65,20/08/2025,18/08/2025
e7ca3bd9-2234-4f1f-a2dc-6877ea69f1b6,001NS00001c9KigYAE,117.18,20/08/2025,5/10/2025
724a5117-066b-4cec-aaad-5ba3aa6513eb,001NS00001c9KihYAE,116.82,20/08/2025,
25eff8b9-a053-4d65-82f3-7aa81205aadc,001NS00001uEHLBYA4,699.72,20/08/2025,18/08/2025
5859a210-f9c6-467a-ab79-ff7be07c632f,001NS00001uEHLCYA4,697.82,20/08/2025,10/09/2025
88ee77f6-bb31-4efc-8518-19670482f4ee,001NS00001uEHLDYA4,707.72,20/08/2025,4/10/2025
55506f97-718a-4c77-88c6-fb69abf8563c,001NS00001uEHLEYA4,703.75,20/08/2025,16/08/2025
056caf33-0c7e-40af-97da-991af67b5cef,001NS00001uEHLFYA4,1020.18,20/08/2025,10/08/2025
fb9ad971-ee9b-40ee-bc53-4fd8c073d1e7,001NS00001uEHLGYA4,1004.78,20/08/2025,12/08/2025
baf771aa-3fc3-45a8-a401-4aea8fc49d39,001NS00001uEHLHYA4,133.65,20/08/2025,14/08/2025
3a38d239-4b44-412d-aae5-30b655c9b498,001NS00001uEHLIYA4,131.87,20/08/2025,7/10/2025
c558305c-7c1b-4793-a24e-a9cbb07d4f66,001NS00001uEHLJYA4,132.41,20/08/2025,8/10/2025
d671d38d-4852-482b-bfc2-30a26e998b9a,001NS00001uEHLKYA4,130.67,20/08/2025,15/08/2025
9fc20bc6-a415-4a7d-a85b-4c8df21f84b6,001NS00001uEHLLYA4,133.59,20/08/2025,10/08/2025
18b39e82-c90e-400d-8968-8e2ee2ddae7d,001NS00001uEHLMYA4,130.39,20/08/2025,12/08/2025
fcd5be53-2750-4f5b-bc3a-9e1cc452e993,001NS00001uEHLNYA4,1035.11,20/08/2025,14/08/2025
547e3217-80fb-4a8b-8a66-90bb54d4efdc,001NS00001uEHLOYA4,1022.05,20/08/2025,19/09/2025
0b366379-6804-48fb-868b-db8275970493,001NS00001uEHLPYA4,132.84,20/08/2025,19/08/2025
282c966d-f71a-46e8-bd37-00cae4aaaa01,001NS00001uEHLQYA4,132.63,20/08/2025,15/09/2025
ed5655f5-9b9a-40cf-9da4-f1bd5433697c,001NS00001uEHLRYA4,698.19,20/08/2025,12/08/2025
ff976276-9d79-4308-a634-f98809300360,001NS00001uEHLSYA4,709.73,20/08/2025,17/08/2025
8631e591-596d-454f-a9bf-ecca7f21c53e,001NS00001uEHLTYA4,702.98,20/08/2025,14/08/2025
f6c61e0a-146e-4428-bb75-6e410f2a201d,001NS00001uEHLUYA4,699.88,20/08/2025,14/08/2025
49b47f4b-3fa2-47a0-a974-bf65a9a1968c,001NS00001uEHLVYA4,707.54,20/08/2025,15/08/2025
09024f27-b897-4fe0-bb3c-3891eb0c2166,001NS00001uEHLWYA4,709,20/08/2025,17/08/2025
e221b4d7-1717-4fc8-8430-41f82c249230,001NS00001uEHLXYA4,130.12,20/08/2025,6/10/2025
29dc8def-5e06-47f7-88ef-a2db5d5d0ef9,001NS00001uEHLYYA4,137.28,20/08/2025,6/09/2025
60135fee-013d-4a2c-80cb-366db7ceb08e,001NS00001uEHLZYA4,137.51,20/08/2025,12/08/2025
d3752188-3999-4702-aba8-02ed64eee4f7,001NS00001uEHLaYAO,379.54,20/08/2025,13/08/2025
078aa6b4-5211-4c13-8172-664084797787,001NS00001uEHLbYAO,376.32,20/08/2025,15/09/2025
45251224-0338-49db-ace3-e6a85c5f552f,001NS00001uEHLcYAO,370.25,20/08/2025,13/09/2025
463894be-0e96-449b-bee7-36ad9300c2aa,001NS00001uEHLdYAO,379.37,20/08/2025,8/09/2025
debac35f-c5e8-4056-8fed-20d0145f6efb,001NS00001uEHLeYAO,372.73,20/08/2025,18/08/2025
ddea342f-9ea6-486b-bee5-82c4e55e1ff6,001NS00001uEHLfYAO,382.78,20/08/2025,8/10/2025
1bee6d23-d647-44a7-8097-e13b5974a019,001NS00001uEHLgYAO,376.62,20/08/2025,6/09/2025
8419a3be-aec7-4da7-a545-997525a7d786,001NS00001uEHLhYAO,981.31,20/08/2025,16/09/2025
ddf4f2e1-c466-45b0-b54a-28530ca4a38d,001NS00001uEHLiYAO,1020.64,20/08/2025,17/08/2025
98f6423f-4788-4b7e-905b-50d2150863a1,001NS00001uEHLjYAO,380.67,20/08/2025,14/09/2025
fda4bf1e-b3ba-4749-be26-2bcca7e51217,001NS00001uEHLkYAO,381.32,20/08/2025,9/09/2025
c17092de-a8ac-4736-8d12-f2f9de328c53,001NS00001uEHLlYAO,376.06,20/08/2025,12/08/2025
04f9f32a-67b3-4518-93a7-e00c83f1b5a8,001NS00001uEHLmYAO,1043.65,20/08/2025,15/08/2025
002659dc-17be-40fd-96cf-1099a643442f,001NS00001uEHLnYAO,379.2,20/08/2025,18/08/2025
63358b7d-61d1-4a63-9b8d-30c59f1c63ac,001NS00001uEHLoYAO,375.18,20/08/2025,12/08/2025
43b36b89-97f0-4b36-b331-68ddd0f3b16f,001NS00001uEHLpYAO,380.12,20/08/2025,13/09/2025
fff2016b-fd0e-4adc-bb93-eead21ff49e3,001NS00001uEHLqYAO,382.8,20/08/2025,16/08/2025
1b2f2712-a461-4807-8da8-e56f441b8673,001NS00001uEHLrYAO,380.27,20/08/2025,18/08/2025
7e3e9b0e-61cc-4834-b151-095d6aff9116,001NS00001uEHLsYAO,385.94,20/08/2025,16/08/2025
ba957cb5-f99a-4c57-a4af-2be1c99fb1a0,001NS00001uEHLtYAO,376.2,20/08/2025,14/08/2025
15d3aa07-ca73-48d2-964c-89eb2eddaacf,001NS00001uEHLuYAO,1024.47,20/08/2025,18/08/2025
1f92d83c-f4c6-4214-bb68-a522887719dc,001NS00001uEHLvYAO,1010.6,20/08/2025,18/08/2025
04a1288f-9303-45ce-a1e2-7b3aa018c89d,001NS00001uEHLwYAO,1019.59,20/08/2025,18/09/2025
095d3ddf-7372-4fbb-a417-0a304aa077ec,001NS00001uEHLxYAO,379.67,20/08/2025,10/08/2025
5923fd0b-0d0a-4fa3-b2fd-960be7600685,001NS00001uEHLyYAO,378.67,20/08/2025,11/08/2025
09de1447-b58c-4635-9923-5a8d800b6546,001NS00001uEHLzYAO,588.73,20/08/2025,11/08/2025
6ca64048-b0d1-4bc1-951f-fab435fc3b42,001NS00001uEHM0YAO,576.69,20/08/2025,8/09/2025
4df74fe2-f1bd-4374-852a-66689e1cd92c,001NS00001uEHM1YAO,576.44,20/08/2025,14/08/2025
4d1c10b4-9e21-4f75-a042-e2b51b069a9b,001NS00001uEHM2YAO,1001.58,20/08/2025,4/09/2025
8b0e8fb7-273b-4f49-8886-e696c7502c52,001NS00001uEHM3YAO,572.34,20/08/2025,15/08/2025
7f2286e0-dd17-4f38-b04a-ec4a9240252a,001NS00001uEHM4YAO,572.55,20/08/2025,16/09/2025
91ccae41-1e54-40ee-a4e9-9369e670859c,001NS00001uEHM5YAO,1022.62,20/08/2025,6/09/2025
b3812929-3294-418f-a1c8-ccb0cf828d1a,001NS00001uEHM6YAO,1001.28,20/08/2025,17/08/2025
569cd60c-5f0e-487b-9af4-01985a57bf76,001NS00001uEHM7YAO,576.65,20/08/2025,11/08/2025
3f7fe94b-3689-429b-a43c-d3f366ba2548,001NS00001uEHM8YAO,1022.17,20/08/2025,18/08/2025
69a2d576-f1fa-41a3-ba6e-c40d4ecf5329,001NS00001uEHM9YAO,419.68,20/08/2025,18/09/2025
90905b28-4a00-4c91-afc2-a368c820d448,001NS00001uEHMAYA4,584.38,20/08/2025,15/08/2025
5e99e9d2-d055-4dad-aa0b-e571c539bcd8,001NS00001uEHMBYA4,580.41,20/08/2025,11/08/2025
6497ae23-bb18-420d-8c07-8faa4dbe3eef,001NS00001uEHMCYA4,1016.8,20/08/2025,17/08/2025
eb23498d-2d02-4443-8850-3c6900266505,001NS00001uEHMDYA4,569.18,20/08/2025,16/09/2025
514b3853-cd9f-4360-9a27-997002688315,001NS00001uEHMEYA4,575.53,20/08/2025,13/08/2025
74f0b6f2-89e5-407e-8ceb-ffb33bba9e0b,001NS00001uEHMFYA4,580.09,20/08/2025,14/08/2025
70c4dd80-52b3-4971-b2b1-83a9fc9f3a5a,001NS00001uEHMGYA4,593.54,20/08/2025,13/08/2025
7253cf20-cdc0-46f4-8963-9f4bcf55d97a,001NS00001uEHMHYA4,580.46,20/08/2025,10/09/2025
e42303eb-d53e-48d3-a276-5fc7cf053eb9,001NS00001uEHMIYA4,580.04,20/08/2025,12/08/2025
51ad08c5-d906-4bec-a78b-b7610f640230,001NS00001uEHMJYA4,583.18,20/08/2025,19/09/2025
cbda5140-3bd3-4a93-a329-e49ad015969b,001NS00001uEHMKYA4,584.83,20/08/2025,18/08/2025
d962926d-d77c-4651-87b2-98e5679d8ad2,001NS00001uEHMLYA4,998.64,20/08/2025,11/08/2025
254d266e-6fac-4211-808d-6cd1691c8f99,001NS00001uEHMMYA4,587.26,20/08/2025,10/09/2025
ce033c43-3993-44cb-a187-6f0ac6ed838d,001NS00001uEHMNYA4,991.47,20/08/2025,19/09/2025
e5df1565-4f19-42c3-bd7a-6cd19c260051,001NS00001uEHMOYA4,581.84,20/08/2025,10/08/2025
4e61c0c9-54df-4c45-b04a-8a7cd902a71f,001NS00001uEHMPYA4,570.13,20/08/2025,13/08/2025
1c010483-eb77-4045-9689-07fb9b201200,001NS00001uEHMQYA4,282.75,20/08/2025,14/09/2025
c89ac843-4e2e-4f48-951a-b496c9f83f4a,001NS00001uEHMRYA4,287.6,20/08/2025,11/09/2025
5184ef04-6514-493b-9af7-4ebdd89bf47b,001NS00001uEHMSYA4,281.92,20/08/2025,12/09/2025
80a1c47e-99ad-4e5b-9622-34dfa746f0cf,001NS00001uEHMTYA4,996.47,20/08/2025,10/08/2025
f94c8113-6dd7-45d4-b99d-97a030ec78b0,001NS00001uEHMUYA4,281.18,20/08/2025,10/09/2025
d3684734-2904-4f54-b343-e6af8bfb52a8,001NS00001uEHMVYA4,286.95,20/08/2025,8/10/2025
cafef7c2-dc95-4fa3-bac9-dbffdedb602d,001NS00001uEHMWYA4,280.39,20/08/2025,16/08/2025
8c427aec-2752-4c02-b00b-43b65d3f4b14,001NS00001uEHMXYA4,290.35,20/08/2025,7/09/2025
a904c35c-951b-425f-99de-7760a2987b7e,001NS00001uEHMYYA4,286.68,20/08/2025,17/09/2025
782c7d77-abb8-45b9-8f67-2425445ec596,001NS00001uEHMZYA4,1021.98,20/08/2025,17/08/2025
fce9a02e-9924-4127-b84d-61918cb2d76d,001NS00001uEHMaYAO,286.85,20/08/2025,18/08/2025
ea7ed748-802a-4545-81e0-3a4c960cd754,001NS00001uEHMbYAO,280.35,20/08/2025,19/08/2025
00f1d5f8-5be1-4c9f-934d-0afaae24399b,001NS00001uEHMcYAO,1004.24,20/08/2025,4/10/2025
0f5ed33d-7e71-444b-8dbe-236289a66b06,001NS00001uEHMdYAO,285.2,20/08/2025,18/09/2025
f87f4b90-191f-4689-ad46-631662f85bc6,001NS00001uEHMeYAO,283.22,20/08/2025,19/08/2025
fe90e7f3-e05e-41f0-a37d-0d8c8569e7a5,001NS00001uEHMfYAO,273.04,20/08/2025,6/09/2025
b0f196d9-da03-4f2b-bd0e-1fe2ad0089c0,001NS00001uEHMgYAO,285.03,20/08/2025,10/08/2025
55909698-9e58-481d-b2a8-b6661526ca48,001NS00001uEHMhYAO,285.51,20/08/2025,19/08/2025
ef572fee-7ec7-445b-9ed5-5175c72e06e2,001NS00001uEHMiYAO,283.84,20/08/2025,13/09/2025
bb27b3fd-ed0b-448b-90e8-782780641ab7,001NS00001uEHMjYAO,285.49,20/08/2025,18/08/2025
57be326a-b2ac-4a11-a72c-d03ed0107503,001NS00001uEHMkYAO,285.27,20/08/2025,12/08/2025
f43ad5f2-ec4e-403a-8a5b-bf0670226e6a,001NS00001uEHMlYAO,573.87,20/08/2025,9/09/2025
a4961d01-a119-40a6-80eb-0ac41b08fc98,001NS00001uEHMmYAO,116.82,20/08/2025,17/08/2025
c527db2c-f670-4723-b189-7eeaf4c33040,001NS00001c9KifYAE,119.08,20/09/2025,18/09/2025
b7363a81-2d53-438f-a7ab-a5df21354c66,001NS00001c9KigYAE,117.37,20/09/2025,12/11/2025
99c276cd-96d8-4bf4-a466-c25a88fa63ae,001NS00001c9KihYAE,118.55,20/09/2025,
9d48e360-59c9-42ff-a811-e7123cbbb918,001NS00001uEHLBYA4,695.86,20/09/2025,13/09/2025
dafd6556-7456-4836-b89e-bcc2f308bfdc,001NS00001uEHLCYA4,707.28,20/09/2025,20/10/2025
ccf55248-8a7a-4fbb-a975-1063e4214ef5,001NS00001uEHLDYA4,697.32,20/09/2025,13/11/2025
0af92ece-4967-4734-8e95-f3d6c9c1952e,001NS00001uEHLEYA4,706.79,20/09/2025,14/09/2025
f59004a9-4fe5-4d6c-8b9b-da4aef73f8a2,001NS00001uEHLFYA4,925.87,20/09/2025,13/09/2025
a00ae882-0d1b-4831-ba0c-993ff62cabaf,001NS00001uEHLGYA4,943.02,20/09/2025,
23f3c17e-4c22-45c1-b592-fa092380c4ae,001NS00001uEHLHYA4,131.43,20/09/2025,18/09/2025
835e0dc4-19db-472a-8856-b4d1703ff754,001NS00001uEHLIYA4,131.53,20/09/2025,10/11/2025
abfd2b7f-a0c3-4cff-817f-860531ebfb65,001NS00001uEHLJYA4,132.2,20/09/2025,9/11/2025
315f25a1-46dd-43c5-b0e9-70691a0b0edf,001NS00001uEHLKYA4,131.31,20/09/2025,17/09/2025
02b67168-366f-4147-aee1-d98ad98137e7,001NS00001uEHLLYA4,131.92,20/09/2025,15/09/2025
ea377a8e-de44-4cf4-987f-7b1ad739d0a4,001NS00001uEHLMYA4,130.8,20/09/2025,15/09/2025
7b9eea1c-d317-4021-a42f-8492610e7da6,001NS00001uEHLNYA4,957.07,20/09/2025,17/09/2025
975bda89-b694-478c-b933-185a9698b807,001NS00001uEHLOYA4,924.66,20/09/2025,6/10/2025
3e03bc3c-4c8e-4e80-b122-885d4be42bca,001NS00001uEHLPYA4,132.3,20/09/2025,14/09/2025
859d0ee7-db17-4519-aabb-145ae79ddbd0,001NS00001uEHLQYA4,131.88,20/09/2025,20/10/2025
b905f64f-3f6c-4920-882f-8ac135b71ebf,001NS00001uEHLRYA4,709.22,20/09/2025,10/09/2025
816ffd27-df8b-4211-9b62-fdc7458f0ae6,001NS00001uEHLSYA4,695.35,20/09/2025,13/09/2025
d54b4ebb-94f7-4354-ba58-a4b1c86b0f80,001NS00001uEHLTYA4,700.25,20/09/2025,14/09/2025
dd8bf9a4-dcee-40e9-b07b-1e2c5acc5a8e,001NS00001uEHLUYA4,692.76,20/09/2025,15/09/2025
acfe00c4-1a57-418e-b3ac-20fb4b60aece,001NS00001uEHLVYA4,694.57,20/09/2025,14/09/2025
1a94db31-ebc0-4dc5-aa0f-d79479d57306,001NS00001uEHLWYA4,702.83,20/09/2025,18/09/2025
742e8fda-29e9-4d33-853d-4f12943acbf1,001NS00001uEHLXYA4,130.63,20/09/2025,10/11/2025
7bd88046-6e73-4ccb-9bc6-3cda4d637996,001NS00001uEHLYYA4,139.44,20/09/2025,6/10/2025
43c4fcd9-f0c0-45fa-957c-f318c5574f8d,001NS00001uEHLZYA4,139.86,20/09/2025,19/09/2025
8e79026d-294c-429f-aa58-1ea4fcedd65a,001NS00001uEHLaYAO,363.85,20/09/2025,19/09/2025
163f5934-f661-40dc-882a-530da14ccfb4,001NS00001uEHLbYAO,363.55,20/09/2025,7/10/2025
f18e683a-7076-4272-98e8-64ea3b2b83eb,001NS00001uEHLcYAO,363,20/09/2025,
f9bee4f8-b115-4b18-ae68-37200651451c,001NS00001uEHLdYAO,363.78,20/09/2025,19/10/2025
7b571e93-b6d1-41b7-b60d-baee1366d7da,001NS00001uEHLeYAO,363.48,20/09/2025,11/09/2025
bb7b235a-1e01-4084-9902-e126101d727b,001NS00001uEHLfYAO,369.61,20/09/2025,9/11/2025
dfda05c3-9234-4d4e-b556-d0444b2a2592,001NS00001uEHLgYAO,366.14,20/09/2025,12/10/2025
ef57d59b-057f-4b27-b0dd-f8b69ddf2008,001NS00001uEHLhYAO,928.67,20/09/2025,18/10/2025
46c0f165-69b2-4cef-8bf3-8a41698e99df,001NS00001uEHLiYAO,903.03,20/09/2025,17/09/2025
a045af2e-dad2-4472-bf3b-e32aa85ab1b0,001NS00001uEHLjYAO,368.24,20/09/2025,17/10/2025
c44f4c0a-8441-4a9c-acd1-27288062006a,001NS00001uEHLkYAO,365.01,20/09/2025,8/10/2025
13216776-1c6e-421c-9547-e77b6a3aaa91,001NS00001uEHLlYAO,362.61,20/09/2025,12/09/2025
a7775db9-c43e-4584-bda5-b9057e98083f,001NS00001uEHLmYAO,928.48,20/09/2025,14/09/2025
693f557d-1985-4650-b8b2-8a4ab0de12c0,001NS00001uEHLnYAO,364.44,20/09/2025,13/09/2025
87ada02c-e8a8-4f4b-b0b1-ce89c1872adc,001NS00001uEHLoYAO,372.05,20/09/2025,10/09/2025
3d46d56c-0c6d-4985-929d-9203c6cd22ae,001NS00001uEHLpYAO,368.74,20/09/2025,6/10/2025
ed9b4836-5be2-4530-b9f5-02b5606565d5,001NS00001uEHLqYAO,365.58,20/09/2025,15/09/2025
3cd38004-7c98-4113-8965-b30dd29fa83e,001NS00001uEHLrYAO,364.78,20/09/2025,13/09/2025
875b749e-8a2e-4ccc-9a7a-2a9211f5512d,001NS00001uEHLsYAO,364.42,20/09/2025,14/09/2025
ab632ad3-bb8b-4aa9-8e39-64b3f9c92cc5,001NS00001uEHLtYAO,362.06,20/09/2025,18/09/2025
4cd29445-c47b-4d4a-a9d8-e0e9b76ebae0,001NS00001uEHLuYAO,919.31,20/09/2025,10/09/2025
ca11a744-6d64-4da9-a082-4673e37e46eb,001NS00001uEHLvYAO,941.28,20/09/2025,17/09/2025
7bac2c8a-4af1-4bd2-a4ce-c70909dd238d,001NS00001uEHLwYAO,939.56,20/09/2025,20/10/2025
eb8ef0f7-b3ff-40f0-b4bd-6c7e428d678c,001NS00001uEHLxYAO,366.4,20/09/2025,16/09/2025
f44964f2-06d1-4137-acd2-524bb3d37cff,001NS00001uEHLyYAO,364.49,20/09/2025,13/09/2025
31d80c91-2143-470d-978d-45df287c4cce,001NS00001uEHLzYAO,574.87,20/09/2025,12/09/2025
8d54c6e5-834c-4524-bb0b-9ddfdabe5819,001NS00001uEHM0YAO,572.87,20/09/2025,17/10/2025
f0dc9abf-d1fb-497b-bf78-7e73661d8b53,001NS00001uEHM1YAO,580.6,20/09/2025,19/09/2025
cf1a54c8-eca8-4215-bc7d-0e7bf2efeac6,001NS00001uEHM2YAO,918.11,20/09/2025,14/10/2025
0430b0f3-04ec-4d55-aea9-3ca2d76a9e59,001NS00001uEHM3YAO,587.72,20/09/2025,14/09/2025
ef7d3285-d74c-4ce9-9422-dce09f184dbb,001NS00001uEHM4YAO,580.62,20/09/2025,8/10/2025
ceb8a58a-3bc6-45de-87f5-69822f10993a,001NS00001uEHM5YAO,907.84,20/09/2025,11/10/2025
e2914b17-6ebf-4d6d-9127-02ba497b9a49,001NS00001uEHM6YAO,955.03,20/09/2025,12/09/2025
652f9226-fcc0-4626-8f03-639d7ce7af84,001NS00001uEHM7YAO,587.73,20/09/2025,10/09/2025
9025a1fa-0c5c-4146-9659-70fb23c93cc7,001NS00001uEHM8YAO,956.89,20/09/2025,17/09/2025
12096986-63e6-4d64-8d82-08e5ea0c8fb7,001NS00001uEHM9YAO,403.63,20/09/2025,14/10/2025
60e01a60-245f-40bc-b9af-694f47a01951,001NS00001uEHMAYA4,584.12,20/09/2025,19/09/2025
b5e7d6f1-df8c-4d52-8b1a-33f08a288ea9,001NS00001uEHMBYA4,573.25,20/09/2025,16/09/2025
529c668a-9d7d-4ff2-b438-b0e209faf8a1,001NS00001uEHMCYA4,923.59,20/09/2025,18/09/2025
acd784c9-50a4-4c4b-b270-4311aa25d8d6,001NS00001uEHMDYA4,575.29,20/09/2025,15/10/2025
038bda0f-7a84-4b41-a423-795c43760d6a,001NS00001uEHMEYA4,574.62,20/09/2025,10/09/2025
6838d755-e639-40b2-991c-156d9c1c88a8,001NS00001uEHMFYA4,586.14,20/09/2025,15/09/2025
00f91e03-6a84-4c04-acdb-a028aa940df7,001NS00001uEHMGYA4,576.65,20/09/2025,17/09/2025
4dec8d77-1857-413c-8363-4c84f8b28175,001NS00001uEHMHYA4,579.4,20/09/2025,15/10/2025
b1be6c65-8c01-4811-a6b5-4b82b8bc9619,001NS00001uEHMIYA4,580.71,20/09/2025,11/09/2025
fd44067e-9646-4290-af79-67ae223975f9,001NS00001uEHMJYA4,579.89,20/09/2025,7/10/2025
8d709168-4053-45de-b1bf-a6a0450a8d3a,001NS00001uEHMKYA4,577.19,20/09/2025,18/09/2025
942ea55f-6652-46b1-a633-7064c55906c6,001NS00001uEHMLYA4,927.24,20/09/2025,18/09/2025
b52e9e2f-9697-4af3-835e-0c54f905ae4f,001NS00001uEHMMYA4,572.63,20/09/2025,11/10/2025
372ac680-5b5a-4a83-90f2-64797e5c7d7a,001NS00001uEHMNYA4,945.04,20/09/2025,10/10/2025
3e7f220d-21a1-44bc-92b8-0cee39317b14,001NS00001uEHMOYA4,581.04,20/09/2025,10/09/2025
ed0b2720-17ef-43bd-956f-d63dbcc9489b,001NS00001uEHMPYA4,576.82,20/09/2025,19/09/2025
26403291-a38c-4d94-9720-4366c2a33e9f,001NS00001uEHMQYA4,288.76,20/09/2025,20/10/2025
a59735bb-ce35-4828-b393-3543cd538736,001NS00001uEHMRYA4,283.46,20/09/2025,20/10/2025
5f51239c-8c4b-4f8d-8cb7-9da25ef08fee,001NS00001uEHMSYA4,278.61,20/09/2025,19/10/2025
7e1f8e6f-5cdb-4d65-8bb7-26a51ac855f2,001NS00001uEHMTYA4,919.14,20/09/2025,11/09/2025
e34251a6-70e0-4f64-ada4-1459a160808d,001NS00001uEHMUYA4,281.04,20/09/2025,14/10/2025
b9c1098a-c4f0-44ad-b708-3146d849f411,001NS00001uEHMVYA4,286.2,20/09/2025,10/11/2025
f963c937-d61e-485f-b7d6-3f5034468ee1,001NS00001uEHMWYA4,287.76,20/09/2025,14/09/2025
883e5131-e2bd-492a-96ca-44c2ace0f2fd,001NS00001uEHMXYA4,280.41,20/09/2025,20/10/2025
3b598191-bc4b-4563-a329-419b24e7629b,001NS00001uEHMYYA4,285.02,20/09/2025,7/10/2025
02baaa69-a4d0-41c6-b646-66a212f00b7c,001NS00001uEHMZYA4,959.18,20/09/2025,19/09/2025
841dd00b-0210-4c4b-b3c7-387f64346268,001NS00001uEHMaYAO,284.32,20/09/2025,15/09/2025
79801166-636e-4a17-b6b8-f8655c62ae47,001NS00001uEHMbYAO,277.59,20/09/2025,14/09/2025
58e7c216-f6b4-45e9-977f-73ec85b4f240,001NS00001uEHMcYAO,911.73,20/09/2025,9/11/2025
71527859-bbb2-4fc2-aa7d-d97b78cedb12,001NS00001uEHMdYAO,284.14,20/09/2025,13/10/2025
13f71589-065e-47c0-bb4d-5816b3f0073d,001NS00001uEHMeYAO,285.73,20/09/2025,13/09/2025
93554de9-b2f9-440b-b0d2-4eb702909711,001NS00001uEHMfYAO,284.27,20/09/2025,20/10/2025
6cc9fed2-6bc5-47d1-bfe2-20776a7494d6,001NS00001uEHMgYAO,284.55,20/09/2025,19/09/2025
8ec0b4bf-51d1-4918-a941-29387352039d,001NS00001uEHMhYAO,281.1,20/09/2025,14/09/2025
0c7734c6-684a-4e1b-95fe-8690914bf89f,001NS00001uEHMiYAO,280.54,20/09/2025,15/10/2025
1968a3cc-a1f6-4e62-942f-e432fb65e1db,001NS00001uEHMjYAO,285.59,20/09/2025,10/09/2025
ec222127-b191-45d1-a39d-c76795f81e76,001NS00001uEHMkYAO,288.38,20/09/2025,12/09/2025
eb785e14-a583-438b-abef-6d4fc0716898,001NS00001uEHMlYAO,575.21,20/09/2025,13/10/2025
5ca79005-9fc7-4714-92b2-244a73902431,001NS00001uEHMmYAO,116.8,20/09/2025,13/09/2025
9b3896b8-60b3-40ab-981f-e8fecc47b7ef,001NS00001c9KifYAE,111.69,20/10/2025,11/10/2025
7ea8ceb6-64ca-41db-b8bc-895eced4213f,001NS00001c9KigYAE,110.88,20/10/2025,18/12/2025
18f3375b-c2b4-457f-b9f0-c7d744c85db3,001NS00001c9KihYAE,112.04,20/10/2025,
1bc06d34-8e72-4564-ba94-7657322aca5e,001NS00001uEHLBYA4,655.3,20/10/2025,14/10/2025
c95602b6-ff8a-4fe0-b785-f10f59e4cae1,001NS00001uEHLCYA4,646.37,20/10/2025,19/11/2025
f639ce9e-eab8-4236-9699-54247b073b95,001NS00001uEHLDYA4,661.53,20/10/2025,14/12/2025
70a6a209-f5a6-47b7-b1cb-8261990c4f47,001NS00001uEHLEYA4,657.35,20/10/2025,13/10/2025
e01b8ef0-993a-47d6-b2bb-1f78fce7ab0d,001NS00001uEHLFYA4,920.5,20/10/2025,11/10/2025
79402f49-4604-40b7-a1d5-4ee185d195b9,001NS00001uEHLGYA4,914.4,20/10/2025,
e3a1e2aa-6512-475b-a332-89410cd1bff7,001NS00001uEHLHYA4,124.11,20/10/2025,10/10/2025
3bdd4ed7-65cd-4470-a522-4b28a18adc9d,001NS00001uEHLIYA4,122.76,20/10/2025,16/12/2025
2319aa7d-2866-4738-9239-9072017c2ef6,001NS00001uEHLJYA4,124.36,20/10/2025,14/12/2025
a21b91f3-065c-44e1-8d5b-9c82fcfa47fa,001NS00001uEHLKYA4,124.77,20/10/2025,12/10/2025
7db6f6c7-1f94-4c06-af2f-b555ff1408ce,001NS00001uEHLLYA4,125.06,20/10/2025,12/10/2025
bfd71303-4bee-4595-bdcb-f49a8e0f1321,001NS00001uEHLMYA4,126.54,20/10/2025,10/10/2025
1885dd41-e805-41ba-99a7-4ed9895f313a,001NS00001uEHLNYA4,928.23,20/10/2025,17/10/2025
b53f32a5-509f-47f5-a8a0-af59807cf729,001NS00001uEHLOYA4,916.77,20/10/2025,10/11/2025
24069d66-2def-4810-a160-507b92ee7fc8,001NS00001uEHLPYA4,125.16,20/10/2025,12/10/2025
389c2913-7389-4b73-9900-9b6c783ce578,001NS00001uEHLQYA4,124.21,20/10/2025,19/11/2025
82528808-09f1-4d4f-88f0-be19743e7996,001NS00001uEHLRYA4,657.68,20/10/2025,13/10/2025
4304d432-49fc-4630-85ba-4ef279208b09,001NS00001uEHLSYA4,653.42,20/10/2025,13/10/2025
ec8e05c3-102e-4b46-9bcb-1ffb48de927a,001NS00001uEHLTYA4,651.5,20/10/2025,19/10/2025
fbed9679-2a85-4383-a4dd-2e0e240580f5,001NS00001uEHLUYA4,650.14,20/10/2025,15/10/2025
2b496671-8e28-47a9-9e61-1c7db45568d2,001NS00001uEHLVYA4,674.88,20/10/2025,11/10/2025
2f5302a2-334b-424a-b440-83d3fbdc9250,001NS00001uEHLWYA4,650.49,20/10/2025,11/10/2025
02ffaf96-74b3-42c5-94e1-b7ce0627460f,001NS00001uEHLXYA4,122.72,20/10/2025,17/12/2025
4da66bec-3fbb-41da-b4d4-bd4dc76ff91d,001NS00001uEHLYYA4,130.22,20/10/2025,18/11/2025
88735ba7-b1cd-4fc0-9663-78ca4c6bd4fc,001NS00001uEHLZYA4,131.99,20/10/2025,12/10/2025
a3b51393-4c04-47a2-ab22-b59a840e0583,001NS00001uEHLaYAO,353.17,20/10/2025,15/10/2025
4189c505-fa9a-41db-9a30-71321aa52f11,001NS00001uEHLbYAO,355.52,20/10/2025,14/11/2025
4a83d535-21c6-48fa-8bf8-05a7fc37eca3,001NS00001uEHLcYAO,344.39,20/10/2025,
ab0970d2-c872-4e17-9a2b-0f2ca9557693,001NS00001uEHLdYAO,346.26,20/10/2025,10/11/2025
65a01083-98cc-4415-bfa8-fda5e5ceb153,001NS00001uEHLeYAO,358.44,20/10/2025,19/10/2025
49359369-d31c-4c41-89a4-fbea8c30507c,001NS00001uEHLfYAO,346.53,20/10/2025,16/12/2025
d6552144-a2b9-4ea3-99c8-ec115339ee29,001NS00001uEHLgYAO,347.88,20/10/2025,9/11/2025
6f64cd67-d63a-48ab-8d1a-005c18528c30,001NS00001uEHLhYAO,917.08,20/10/2025,19/11/2025
b4f8a5d3-3e23-49e4-bfba-83a488fa5667,001NS00001uEHLiYAO,902.09,20/10/2025,13/10/2025
405ab1a6-3c74-4be1-97a2-9cf7ea94c12e,001NS00001uEHLjYAO,347.73,20/10/2025,12/11/2025
50ef00e9-f176-485a-8f1d-b7165305e4d4,001NS00001uEHLkYAO,349.12,20/10/2025,11/11/2025
41ff987a-b7f7-4b22-8187-d9a85eac76e3,001NS00001uEHLlYAO,349.63,20/10/2025,10/10/2025
e183196c-e564-4383-a615-3e750600b5c2,001NS00001uEHLmYAO,913.93,20/10/2025,16/10/2025
9b0a1e84-fe26-4c30-a21c-09337634e6e6,001NS00001uEHLnYAO,349.21,20/10/2025,17/10/2025
88e5253f-1396-4bd2-817e-19a5ec44c5f5,001NS00001uEHLoYAO,351.56,20/10/2025,18/10/2025
adef6ba6-9cfa-4894-ad5a-86714a49cecc,001NS00001uEHLpYAO,352.21,20/10/2025,15/11/2025
72ba719e-24f3-4b8a-9b23-79728af3bcc3,001NS00001uEHLqYAO,352.94,20/10/2025,13/10/2025
10e27b7d-984d-4389-a6fe-b30c34448610,001NS00001uEHLrYAO,347.52,20/10/2025,19/10/2025
030e1701-4ea6-4edf-b26f-c921fcc1f4dd,001NS00001uEHLsYAO,351.49,20/10/2025,13/10/2025
8b3c4a6b-dc5a-45da-8952-4f832533daac,001NS00001uEHLtYAO,355.95,20/10/2025,19/10/2025
71718fb8-889c-41eb-ad80-a980290a8c09,001NS00001uEHLuYAO,924.43,20/10/2025,10/10/2025
89cd7b60-e8fb-4015-8e31-e21f51413c91,001NS00001uEHLvYAO,925.59,20/10/2025,17/10/2025
81c3e54c-6c79-42c4-a33e-e096c80db762,001NS00001uEHLwYAO,933.96,20/10/2025,18/11/2025
af260530-445d-41b9-b066-4a73a276c97c,001NS00001uEHLxYAO,351.37,20/10/2025,16/10/2025
1b783c85-68f6-4344-94fb-5568c2961dbf,001NS00001uEHLyYAO,342.2,20/10/2025,19/10/2025
f823b81b-fb60-4e8e-9a7b-fd187a49c838,001NS00001uEHLzYAO,535.25,20/10/2025,16/10/2025
fd195681-b380-4072-8cdc-34453fcd7d00,001NS00001uEHM0YAO,537.88,20/10/2025,11/11/2025
2c20ef39-af5d-488f-b86e-3ad5493c9e0c,001NS00001uEHM1YAO,543.96,20/10/2025,14/10/2025
2323caaa-7c7c-42e5-afde-ab5bb8099d81,001NS00001uEHM2YAO,901.18,20/10/2025,8/11/2025
85b8066f-0e6e-4f81-9103-fc50e0299a5d,001NS00001uEHM3YAO,544.15,20/10/2025,12/10/2025
1dc85128-2eb5-4c31-8e32-780c16e2648d,001NS00001uEHM4YAO,545.92,20/10/2025,6/11/2025
2caefb88-fd6c-4299-842b-e8af6a6a4137,001NS00001uEHM5YAO,917.32,20/10/2025,4/11/2025
f95ca299-51b0-4b93-b0d5-3a3cd0a393d6,001NS00001uEHM6YAO,943.33,20/10/2025,11/10/2025
dfb43d73-3400-470e-bc36-c7998cbbf0d9,001NS00001uEHM7YAO,543.07,20/10/2025,13/10/2025
16ade6c2-93ed-4c2d-a173-8e1cc118d98b,001NS00001uEHM8YAO,947.99,20/10/2025,19/10/2025
abb7ec48-5ab9-4375-9447-273520457ede,001NS00001uEHM9YAO,389.31,20/10/2025,4/11/2025
99051ea5-dc69-49ae-87f7-51c1a194fd33,001NS00001uEHMAYA4,545.57,20/10/2025,13/10/2025
c7ae9c99-44ee-4365-86e6-adce3f2a953c,001NS00001uEHMBYA4,551.7,20/10/2025,19/10/2025
4f46a5b1-f67e-455a-a333-24bf1397900b,001NS00001uEHMCYA4,943.88,20/10/2025,11/10/2025
3f4f497c-eb30-4e95-a4e2-12c5047a4838,001NS00001uEHMDYA4,543.68,20/10/2025,8/11/2025
c9f8a512-7856-4130-a879-3a219b077249,001NS00001uEHMEYA4,548.31,20/10/2025,19/10/2025
37695665-3d21-4d5e-8fa9-4b9e5d01518d,001NS00001uEHMFYA4,541.28,20/10/2025,18/10/2025
1ecd1777-8796-4cbf-a80c-56bbfb42caa8,001NS00001uEHMGYA4,545.66,20/10/2025,14/10/2025
007be981-2973-4930-99c3-b0ef9be8956b,001NS00001uEHMHYA4,540.87,20/10/2025,18/11/2025
05b942d1-3b5f-47f8-92d2-abd819297fac,001NS00001uEHMIYA4,536.58,20/10/2025,16/10/2025
dd79284f-cbd5-48ce-b68b-b9b3ba39c526,001NS00001uEHMJYA4,550.12,20/10/2025,13/11/2025
96c7445f-6957-4611-b63c-f5b8dc180a1c,001NS00001uEHMKYA4,548.57,20/10/2025,16/10/2025
02d3d2e4-d25b-45f8-8756-85ed8b2a7618,001NS00001uEHMLYA4,921.35,20/10/2025,19/10/2025
01607cdc-9e91-43b0-811b-5629b0a86c4d,001NS00001uEHMMYA4,545.37,20/10/2025,12/11/2025
d2e1ac7d-0cee-4206-b5e9-0297d151c40f,001NS00001uEHMNYA4,934.77,20/10/2025,13/11/2025
b7cf7320-3193-490a-b92a-0ccd1bfa7b58,001NS00001uEHMOYA4,548.17,20/10/2025,17/10/2025
efdb92ee-67a6-4f0d-8933-f01803b01e38,001NS00001uEHMPYA4,543.16,20/10/2025,14/10/2025
a809bb7a-9b11-448f-b66a-0d938adddbc8,001NS00001uEHMQYA4,270.68,20/10/2025,6/11/2025
1f18dc1f-b312-464d-be7c-c4ed9b607a58,001NS00001uEHMRYA4,267.04,20/10/2025,17/11/2025
13066b7c-d97e-4346-b1ac-978789730620,001NS00001uEHMSYA4,269.5,20/10/2025,16/11/2025
c5dfd1c8-24ef-4549-a438-41ac586e04ad,001NS00001uEHMTYA4,926.18,20/10/2025,19/10/2025
db86d1ce-bf38-4aea-894f-d1f44e69b9e2,001NS00001uEHMUYA4,272.06,20/10/2025,6/11/2025
d3324376-fa59-4f14-8858-ce7438a3c965,001NS00001uEHMVYA4,273.77,20/10/2025,15/12/2025
521b9ec1-7a11-47cd-8f44-d2b35e83102b,001NS00001uEHMWYA4,269.46,20/10/2025,15/10/2025
a3a21c71-5ed2-46fb-b844-161059159162,001NS00001uEHMXYA4,264.92,20/10/2025,19/11/2025
44207e47-b437-4986-ba01-2c0910c52587,001NS00001uEHMYYA4,268.05,20/10/2025,15/11/2025
af730cac-0c2e-406f-88d2-fbe05571c005,001NS00001uEHMZYA4,937,20/10/2025,11/10/2025
b12b843c-47a1-4ad6-a57f-6b447fa0c2d7,001NS00001uEHMaYAO,268.49,20/10/2025,14/10/2025
999c2d67-3203-4cfc-a920-fc83b6b31c81,001NS00001uEHMbYAO,264.37,20/10/2025,17/10/2025
e2c90920-34e1-4731-a114-e23679a76a6a,001NS00001uEHMcYAO,967.14,20/10/2025,15/12/2025
a96e72a7-3cd4-4b93-befe-93bf053e2d75,001NS00001uEHMdYAO,266.71,20/10/2025,11/11/2025
cced8a51-47b0-45a4-8e91-d541f9546f94,001NS00001uEHMeYAO,268.11,20/10/2025,17/10/2025
8d735007-b16d-41bd-8353-9f3ab0ebea35,001NS00001uEHMfYAO,267.47,20/10/2025,5/11/2025
febd5a2b-effc-49da-be40-05752a7cf760,001NS00001uEHMgYAO,265.89,20/10/2025,11/10/2025
008a261f-22f1-4fa0-a6c1-64f3e9e32204,001NS00001uEHMhYAO,267.34,20/10/2025,18/10/2025
602ed89b-ec61-435a-a8bc-3152c2ed32a9,001NS00001uEHMiYAO,273.13,20/10/2025,13/11/2025
7b81b844-dd92-4da3-9d4f-c688d9ae6fad,001NS00001uEHMjYAO,264.37,20/10/2025,10/10/2025
7569a84d-9100-4a21-827b-a01bec3f8b37,001NS00001uEHMkYAO,266.02,20/10/2025,12/10/2025
35f1fe4a-89e9-46fb-b148-951639874717,001NS00001uEHMlYAO,548.29,20/10/2025,16/11/2025
a59f0b92-2870-4a39-9802-4ba7d7b67af4,001NS00001uEHMmYAO,111.59,20/10/2025,17/10/2025
